SupplierID,SupplierName,SupplierLocation,QualityRating,LeadTimeDays,ProductionID,CycleTimeHours,ProductionVolume,DefectRate,LogisticsID,TransportationLeadTimeDays,InventoryLevel,MarketID,SalesVolume,DemandForecast,CustomerSatisfaction
S2,S2,Robinsonland,4.8,27,P0001,12.25,135,2.49,L001,8,248,M001,137,185,1.78
S8,S8,Warnerbury,4.46,7,P0002,12.83,184,0.84,L002,5,326,M002,101,181,2.25
S1,S1,Lake Joshuaside,2.5,28,P0003,30.89,63,1.78,L003,5,313,M003,130,192,3.48
S1,S1,Lake Joshuaside,2.5,28,P0004,26.39,128,2.13,L004,4,459,M004,101,56,3.55
S2,S2,Robinsonland,4.8,27,P0005,13.68,166,3.82,L005,7,250,M005,85,138,3.8
S9,S9,Hernandezview,3.4,18,P0006,47.06,56,3.74,L006,4,291,M006,64,105,1.45
S7,S7,Port Leefort,1.23,27,P0007,20.38,186,3.1,L007,2,139,M007,133,177,4.4
S4,S4,East Heatherstad,3.39,18,P0008,15.26,164,0.62,L008,4,341,M008,82,94,3.13
S10,S10,West Hollyburgh,3.83,28,P0009,34.26,121,0.84,L009,8,237,M009,95,138,2.89
S7,S7,Port Leefort,1.23,27,P0010,25.77,108,0.56,L010,9,444,M010,133,158,4.92
S2,S2,Robinsonland,4.8,27,P0011,47.4,131,2.93,L011,3,279,M011,130,39,3.96
S7,S7,Port Leefort,1.23,27,P0012,28.8,165,4.4,L012,7,299,M012,54,76,1.47
S7,S7,Port Leefort,1.23,27,P0013,42.96,195,2.23,L013,9,302,M013,72,152,4.03
S4,S4,East Heatherstad,3.39,18,P0014,36.49,152,0.89,L014,4,160,M014,45,88,1.38
S9,S9,Hernandezview,3.4,18,P0015,28.22,66,2.83,L015,3,291,M015,33,125,1.11
S10,S10,West Hollyburgh,3.83,28,P0016,12.48,63,4.08,L016,5,104,M016,137,132,2.61
S1,S1,Lake Joshuaside,2.5,28,P0017,45.92,157,3.73,L017,1,477,M017,64,153,4.97
S4,S4,East Heatherstad,3.39,18,P0018,32.28,94,4.42,L018,3,336,M018,70,115,1.7
S2,S2,Robinsonland,4.8,27,P0019,25.87,147,1.46,L019,8,280,M019,138,175,3.69
S10,S10,West Hollyburgh,3.83,28,P0020,12.57,180,1.05,L020,8,410,M020,38,141,1.69
S10,S10,West Hollyburgh,3.83,28,P0021,20.31,86,4.41,L021,4,136,M021,101,189,3.9
S5,S5,Meltonstad,1.62,12,P0022,20.68,157,3.32,L022,2,155,M022,95,56,3.02
S2,S2,Robinsonland,4.8,27,P0023,36.6,88,1.62,L023,8,336,M023,111,47,3.72
S8,S8,Warnerbury,4.46,7,P0024,33.96,64,3.74,L024,8,457,M024,52,196,1.81
S1,S1,Lake Joshuaside,2.5,28,P0025,42.0,169,4.09,L025,4,448,M025,47,111,3.98
S6,S6,Edwinhaven,1.62,8,P0026,18.24,53,3.11,L026,3,296,M026,142,101,4.98
S2,S2,Robinsonland,4.8,27,P0027,26.08,142,3.47,L027,2,172,M027,145,83,3.66
S7,S7,Port Leefort,1.23,27,P0028,18.56,190,1.94,L028,9,158,M028,56,191,2.97
S3,S3,Howardshire,3.93,8,P0029,39.19,65,2.74,L029,1,339,M029,118,100,4.69
S8,S8,Warnerbury,4.46,7,P0030,27.31,157,2.67,L030,7,101,M030,117,193,1.06
S7,S7,Port Leefort,1.23,27,P0031,19.49,175,4.26,L031,5,459,M031,146,175,3.92
S10,S10,West Hollyburgh,3.83,28,P0032,32.44,104,4.22,L032,8,287,M032,99,67,4.55
S2,S2,Robinsonland,4.8,27,P0033,13.13,83,4.18,L033,4,406,M033,57,166,1.25
S10,S10,West Hollyburgh,3.83,28,P0034,42.32,62,0.15,L034,7,129,M034,96,64,2.8
S1,S1,Lake Joshuaside,2.5,28,P0035,28.19,190,3.77,L035,5,366,M035,145,111,1.82
S9,S9,Hernandezview,3.4,18,P0036,26.23,67,3.82,L036,5,207,M036,106,162,3.27
S8,S8,Warnerbury,4.46,7,P0037,45.36,145,3.42,L037,9,431,M037,73,171,3.6
S5,S5,Meltonstad,1.62,12,P0038,38.18,172,3.81,L038,9,189,M038,35,187,2.21
S2,S2,Robinsonland,4.8,27,P0039,23.76,88,4.23,L039,9,304,M039,47,33,2.84
S10,S10,West Hollyburgh,3.83,28,P0040,32.54,95,2.4,L040,6,478,M040,65,196,2.12
S9,S9,Hernandezview,3.4,18,P0041,30.75,78,2.56,L041,6,480,M041,91,182,2.48
S7,S7,Port Leefort,1.23,27,P0042,46.6,111,0.71,L042,5,319,M042,104,185,1.64
S3,S3,Howardshire,3.93,8,P0043,42.4,65,1.99,L043,9,477,M043,45,179,4.54
S5,S5,Meltonstad,1.62,12,P0044,38.9,170,3.25,L044,8,193,M044,104,188,1.04
S10,S10,West Hollyburgh,3.83,28,P0045,31.43,59,3.92,L045,7,202,M045,84,52,4.53
S8,S8,Warnerbury,4.46,7,P0046,33.12,152,1.16,L046,7,322,M046,134,77,3.29
S5,S5,Meltonstad,1.62,12,P0047,46.75,133,0.78,L047,6,285,M047,83,177,2.33
S2,S2,Robinsonland,4.8,27,P0048,33.85,182,3.35,L048,5,283,M048,106,154,3.89
S10,S10,West Hollyburgh,3.83,28,P0049,21.94,114,0.11,L049,4,261,M049,126,195,3.03
S8,S8,Warnerbury,4.46,7,P0050,22.67,52,0.97,L050,3,346,M050,115,84,3.0
S1,S1,Lake Joshuaside,2.5,28,P0051,17.95,191,0.24,L051,3,130,M051,96,97,1.44
S10,S10,West Hollyburgh,3.83,28,P0052,12.56,169,0.92,L052,6,151,M052,106,117,2.56
S2,S2,Robinsonland,4.8,27,P0053,27.24,117,0.99,L053,4,444,M053,76,30,1.96
S9,S9,Hernandezview,3.4,18,P0054,26.22,195,2.0,L054,6,175,M054,122,164,1.06
S4,S4,East Heatherstad,3.39,18,P0055,22.57,86,2.07,L055,3,484,M055,110,124,2.44
S1,S1,Lake Joshuaside,2.5,28,P0056,12.51,122,4.38,L056,4,377,M056,64,169,1.36
S8,S8,Warnerbury,4.46,7,P0057,19.16,192,2.6,L057,9,139,M057,107,135,2.03
S1,S1,Lake Joshuaside,2.5,28,P0058,37.61,98,3.64,L058,5,200,M058,134,162,1.37
S2,S2,Robinsonland,4.8,27,P0059,40.45,170,0.61,L059,7,210,M059,66,137,1.4
S1,S1,Lake Joshuaside,2.5,28,P0060,33.81,137,1.2,L060,2,484,M060,69,71,1.8
S7,S7,Port Leefort,1.23,27,P0061,45.35,189,3.54,L061,5,420,M061,103,131,5.0
S5,S5,Meltonstad,1.62,12,P0062,35.44,86,0.36,L062,9,348,M062,110,153,1.01
S3,S3,Howardshire,3.93,8,P0063,44.94,110,2.48,L063,3,290,M063,110,169,3.55
S10,S10,West Hollyburgh,3.83,28,P0064,42.6,173,3.04,L064,9,281,M064,128,132,1.56
S5,S5,Meltonstad,1.62,12,P0065,28.18,88,3.05,L065,6,434,M065,76,175,4.68
S3,S3,Howardshire,3.93,8,P0066,15.43,112,0.21,L066,4,308,M066,50,103,1.37
S3,S3,Howardshire,3.93,8,P0067,25.35,95,1.68,L067,7,121,M067,40,137,4.82
S7,S7,Port Leefort,1.23,27,P0068,36.08,137,3.22,L068,8,265,M068,109,151,3.44
S1,S1,Lake Joshuaside,2.5,28,P0069,35.97,60,0.83,L069,6,198,M069,59,46,1.01
S4,S4,East Heatherstad,3.39,18,P0070,33.29,111,3.51,L070,5,307,M070,131,100,4.58
S8,S8,Warnerbury,4.46,7,P0071,21.89,126,3.76,L071,6,107,M071,64,91,3.09
S4,S4,East Heatherstad,3.39,18,P0072,32.2,101,4.91,L072,5,289,M072,96,70,2.05
S1,S1,Lake Joshuaside,2.5,28,P0073,25.79,53,1.13,L073,8,274,M073,106,148,4.07
S2,S2,Robinsonland,4.8,27,P0074,46.98,108,4.14,L074,1,372,M074,120,191,4.71
S3,S3,Howardshire,3.93,8,P0075,42.56,121,2.65,L075,7,116,M075,136,74,2.93
S10,S10,West Hollyburgh,3.83,28,P0076,37.98,197,1.93,L076,2,189,M076,111,87,2.26
S3,S3,Howardshire,3.93,8,P0077,20.5,142,0.7,L077,9,240,M077,47,155,4.16
S10,S10,West Hollyburgh,3.83,28,P0078,21.22,112,3.7,L078,1,244,M078,44,191,3.73
S10,S10,West Hollyburgh,3.83,28,P0079,13.46,103,1.26,L079,6,265,M079,77,73,4.56
S8,S8,Warnerbury,4.46,7,P0080,37.58,166,1.92,L080,9,436,M080,60,44,3.77
S10,S10,West Hollyburgh,3.83,28,P0081,15.99,159,0.41,L081,1,177,M081,94,107,1.97
S7,S7,Port Leefort,1.23,27,P0082,27.82,123,4.03,L082,4,361,M082,57,99,4.73
S6,S6,Edwinhaven,1.62,8,P0083,19.26,156,3.86,L083,4,262,M083,94,130,1.42
S8,S8,Warnerbury,4.46,7,P0084,44.25,106,3.69,L084,9,465,M084,85,189,2.07
S9,S9,Hernandezview,3.4,18,P0085,29.11,52,1.57,L085,5,113,M085,22,32,3.08
S9,S9,Hernandezview,3.4,18,P0086,32.28,169,0.95,L086,5,338,M086,136,115,3.26
S9,S9,Hernandezview,3.4,18,P0087,37.04,55,3.22,L087,6,171,M087,118,103,1.06
S5,S5,Meltonstad,1.62,12,P0088,17.02,54,2.53,L088,1,242,M088,38,80,4.12
S4,S4,East Heatherstad,3.39,18,P0089,33.76,54,0.97,L089,1,409,M089,135,96,2.45
S8,S8,Warnerbury,4.46,7,P0090,31.43,103,3.46,L090,9,382,M090,144,105,2.63
S3,S3,Howardshire,3.93,8,P0091,19.31,96,4.96,L091,3,368,M091,107,122,4.24
S2,S2,Robinsonland,4.8,27,P0092,45.94,58,3.76,L092,4,340,M092,54,174,2.52
S3,S3,Howardshire,3.93,8,P0093,33.56,148,3.73,L093,1,344,M093,20,36,1.19
S9,S9,Hernandezview,3.4,18,P0094,37.01,69,4.76,L094,9,262,M094,145,42,1.71
S8,S8,Warnerbury,4.46,7,P0095,43.7,171,1.09,L095,8,159,M095,108,149,4.82
S7,S7,Port Leefort,1.23,27,P0096,34.48,110,2.87,L096,2,105,M096,44,95,1.28
S5,S5,Meltonstad,1.62,12,P0097,22.64,172,4.9,L097,8,296,M097,35,33,2.42
S9,S9,Hernandezview,3.4,18,P0098,15.8,131,0.91,L098,7,157,M098,92,167,3.01
S4,S4,East Heatherstad,3.39,18,P0099,28.44,111,3.53,L099,6,404,M099,148,117,2.97
S7,S7,Port Leefort,1.23,27,P0100,19.86,194,2.97,L100,1,316,M100,61,46,1.02
S7,S7,Port Leefort,1.23,27,P0101,26.99,52,2.97,L101,7,125,M101,99,81,3.0
S2,S2,Robinsonland,4.8,27,P0102,43.8,62,3.52,L102,7,402,M102,123,163,2.54
S7,S7,Port Leefort,1.23,27,P0103,23.68,169,4.66,L103,9,104,M103,53,98,4.89
S7,S7,Port Leefort,1.23,27,P0104,16.4,174,3.93,L104,1,119,M104,108,166,1.64
S6,S6,Edwinhaven,1.62,8,P0105,24.83,138,0.38,L105,2,489,M105,144,50,2.42
S5,S5,Meltonstad,1.62,12,P0106,44.65,122,4.28,L106,9,297,M106,64,53,2.68
S5,S5,Meltonstad,1.62,12,P0107,21.8,117,1.21,L107,9,158,M107,40,33,2.56
S10,S10,West Hollyburgh,3.83,28,P0108,35.32,191,1.95,L108,6,341,M108,141,181,3.66
S9,S9,Hernandezview,3.4,18,P0109,12.02,150,2.36,L109,6,245,M109,89,32,1.86
S8,S8,Warnerbury,4.46,7,P0110,24.69,147,2.46,L110,4,487,M110,115,97,1.88
S9,S9,Hernandezview,3.4,18,P0111,22.97,60,2.23,L111,4,372,M111,124,130,3.92
S4,S4,East Heatherstad,3.39,18,P0112,17.93,154,4.69,L112,5,348,M112,67,197,3.0
S6,S6,Edwinhaven,1.62,8,P0113,31.23,116,3.56,L113,3,113,M113,58,83,2.66
S7,S7,Port Leefort,1.23,27,P0114,29.45,172,3.19,L114,1,112,M114,50,64,1.68
S7,S7,Port Leefort,1.23,27,P0115,36.93,78,0.34,L115,1,490,M115,29,85,1.75
S3,S3,Howardshire,3.93,8,P0116,21.7,186,4.53,L116,7,483,M116,49,137,1.04
S5,S5,Meltonstad,1.62,12,P0117,20.79,125,4.56,L117,1,143,M117,37,69,1.37
S9,S9,Hernandezview,3.4,18,P0118,18.06,58,3.92,L118,1,474,M118,107,97,3.23
S5,S5,Meltonstad,1.62,12,P0119,19.88,89,0.13,L119,3,498,M119,144,75,4.57
S5,S5,Meltonstad,1.62,12,P0120,32.09,74,0.38,L120,4,118,M120,92,107,2.15
S3,S3,Howardshire,3.93,8,P0121,26.54,54,1.2,L121,4,162,M121,34,170,2.31
S6,S6,Edwinhaven,1.62,8,P0122,14.34,188,0.74,L122,2,338,M122,23,184,1.46
S4,S4,East Heatherstad,3.39,18,P0123,21.14,173,2.05,L123,1,436,M123,28,35,2.55
S1,S1,Lake Joshuaside,2.5,28,P0124,20.89,87,4.62,L124,3,199,M124,128,46,1.15
S8,S8,Warnerbury,4.46,7,P0125,37.07,121,2.41,L125,4,262,M125,35,193,4.67
S10,S10,West Hollyburgh,3.83,28,P0126,37.64,182,0.17,L126,3,221,M126,118,128,3.69
S4,S4,East Heatherstad,3.39,18,P0127,17.33,139,1.49,L127,8,143,M127,140,110,4.96
S6,S6,Edwinhaven,1.62,8,P0128,47.92,195,0.32,L128,1,459,M128,71,31,4.53
S8,S8,Warnerbury,4.46,7,P0129,21.6,86,0.28,L129,2,416,M129,88,106,2.89
S1,S1,Lake Joshuaside,2.5,28,P0130,47.16,109,1.45,L130,7,480,M130,24,95,3.08
S10,S10,West Hollyburgh,3.83,28,P0131,26.8,77,1.45,L131,4,244,M131,39,81,1.76
S10,S10,West Hollyburgh,3.83,28,P0132,13.19,130,3.96,L132,8,426,M132,98,121,2.85
S6,S6,Edwinhaven,1.62,8,P0133,24.42,163,4.88,L133,3,462,M133,130,51,4.61
S6,S6,Edwinhaven,1.62,8,P0134,34.84,89,1.92,L134,6,149,M134,21,140,1.2
S10,S10,West Hollyburgh,3.83,28,P0135,36.51,94,2.2,L135,9,164,M135,112,136,4.45
S6,S6,Edwinhaven,1.62,8,P0136,31.11,111,4.24,L136,1,454,M136,32,96,2.36
S1,S1,Lake Joshuaside,2.5,28,P0137,28.12,142,1.41,L137,1,387,M137,23,169,4.6
S6,S6,Edwinhaven,1.62,8,P0138,31.9,164,0.87,L138,8,263,M138,128,98,4.76
S6,S6,Edwinhaven,1.62,8,P0139,33.34,116,4.28,L139,3,240,M139,93,113,3.68
S3,S3,Howardshire,3.93,8,P0140,14.91,105,0.33,L140,5,413,M140,114,132,3.66
S5,S5,Meltonstad,1.62,12,P0141,25.31,89,3.14,L141,1,227,M141,124,68,2.81
S8,S8,Warnerbury,4.46,7,P0142,20.72,147,2.85,L142,5,497,M142,27,42,4.34
S2,S2,Robinsonland,4.8,27,P0143,40.91,89,1.8,L143,6,467,M143,86,70,4.85
S2,S2,Robinsonland,4.8,27,P0144,28.93,140,1.64,L144,8,338,M144,129,86,4.1
S4,S4,East Heatherstad,3.39,18,P0145,47.4,82,3.88,L145,3,423,M145,28,41,3.49
S5,S5,Meltonstad,1.62,12,P0146,26.36,55,0.52,L146,3,395,M146,136,42,3.43
S1,S1,Lake Joshuaside,2.5,28,P0147,41.39,196,1.26,L147,9,286,M147,30,149,4.4
S5,S5,Meltonstad,1.62,12,P0148,40.74,129,3.69,L148,4,307,M148,118,126,3.16
S3,S3,Howardshire,3.93,8,P0149,17.43,141,2.79,L149,4,319,M149,61,86,4.22
S2,S2,Robinsonland,4.8,27,P0150,30.3,146,0.73,L150,7,499,M150,139,69,3.04
S4,S4,East Heatherstad,3.39,18,P0151,37.05,108,4.42,L151,2,289,M151,31,147,1.25
S9,S9,Hernandezview,3.4,18,P0152,42.9,108,2.03,L152,8,487,M152,56,109,2.54
S8,S8,Warnerbury,4.46,7,P0153,23.73,97,4.16,L153,6,445,M153,93,157,2.78
S10,S10,West Hollyburgh,3.83,28,P0154,19.93,62,3.96,L154,3,383,M154,92,64,1.57
S2,S2,Robinsonland,4.8,27,P0155,37.6,156,3.16,L155,9,451,M155,71,32,1.41
S3,S3,Howardshire,3.93,8,P0156,41.14,94,2.52,L156,5,336,M156,149,149,3.14
S10,S10,West Hollyburgh,3.83,28,P0157,24.55,138,4.9,L157,8,293,M157,75,34,1.34
S8,S8,Warnerbury,4.46,7,P0158,15.46,149,0.81,L158,7,386,M158,79,40,2.21
S1,S1,Lake Joshuaside,2.5,28,P0159,45.86,56,3.65,L159,8,358,M159,42,155,3.98
S5,S5,Meltonstad,1.62,12,P0160,26.31,182,1.04,L160,7,345,M160,122,100,4.86
S6,S6,Edwinhaven,1.62,8,P0161,30.64,94,1.76,L161,3,235,M161,59,146,3.87
S8,S8,Warnerbury,4.46,7,P0162,42.16,107,1.61,L162,2,379,M162,83,167,4.97
S10,S10,West Hollyburgh,3.83,28,P0163,36.32,80,4.74,L163,7,370,M163,104,135,3.79
S1,S1,Lake Joshuaside,2.5,28,P0164,38.47,72,4.84,L164,3,270,M164,108,145,2.18
S6,S6,Edwinhaven,1.62,8,P0165,19.53,187,1.0,L165,3,258,M165,50,191,3.69
S9,S9,Hernandezview,3.4,18,P0166,31.49,156,0.21,L166,2,300,M166,39,96,3.81
S9,S9,Hernandezview,3.4,18,P0167,37.05,88,3.63,L167,4,144,M167,149,60,2.49
S10,S10,West Hollyburgh,3.83,28,P0168,20.23,131,2.15,L168,8,363,M168,32,104,1.07
S5,S5,Meltonstad,1.62,12,P0169,18.3,149,0.54,L169,1,170,M169,141,100,3.81
S1,S1,Lake Joshuaside,2.5,28,P0170,47.36,51,3.45,L170,1,463,M170,122,95,1.09
S2,S2,Robinsonland,4.8,27,P0171,30.6,126,2.77,L171,5,470,M171,125,99,3.52
S10,S10,West Hollyburgh,3.83,28,P0172,21.39,61,4.9,L172,5,202,M172,138,70,1.65
S1,S1,Lake Joshuaside,2.5,28,P0173,47.87,88,1.21,L173,1,224,M173,89,189,3.26
S10,S10,West Hollyburgh,3.83,28,P0174,46.76,62,2.08,L174,6,412,M174,118,49,3.02
S7,S7,Port Leefort,1.23,27,P0175,32.1,95,2.76,L175,1,385,M175,101,182,1.05
S4,S4,East Heatherstad,3.39,18,P0176,43.77,162,3.98,L176,5,329,M176,94,169,2.45
S5,S5,Meltonstad,1.62,12,P0177,18.79,66,2.79,L177,9,245,M177,137,68,3.4
S10,S10,West Hollyburgh,3.83,28,P0178,22.04,153,3.1,L178,5,469,M178,103,174,4.39
S3,S3,Howardshire,3.93,8,P0179,37.21,147,1.21,L179,6,296,M179,88,74,4.55
S8,S8,Warnerbury,4.46,7,P0180,42.48,137,4.25,L180,8,472,M180,78,168,2.94
S5,S5,Meltonstad,1.62,12,P0181,42.83,158,2.2,L181,1,320,M181,145,99,3.91
S1,S1,Lake Joshuaside,2.5,28,P0182,26.56,119,0.79,L182,2,159,M182,130,154,2.27
S8,S8,Warnerbury,4.46,7,P0183,43.96,123,3.35,L183,9,197,M183,81,180,2.37
S7,S7,Port Leefort,1.23,27,P0184,42.63,112,1.16,L184,3,270,M184,147,120,1.78
S6,S6,Edwinhaven,1.62,8,P0185,45.68,109,0.58,L185,6,481,M185,124,99,3.25
S8,S8,Warnerbury,4.46,7,P0186,40.27,128,4.32,L186,5,272,M186,87,195,2.26
S6,S6,Edwinhaven,1.62,8,P0187,36.08,86,2.35,L187,2,250,M187,34,159,1.34
S6,S6,Edwinhaven,1.62,8,P0188,32.9,71,3.77,L188,7,449,M188,54,113,3.74
S3,S3,Howardshire,3.93,8,P0189,25.4,197,1.52,L189,4,489,M189,33,118,3.83
S10,S10,West Hollyburgh,3.83,28,P0190,45.84,145,3.96,L190,1,221,M190,121,108,2.44
S9,S9,Hernandezview,3.4,18,P0191,47.05,117,0.65,L191,4,207,M191,119,142,1.31
S10,S10,West Hollyburgh,3.83,28,P0192,22.22,66,1.84,L192,6,103,M192,26,122,2.71
S7,S7,Port Leefort,1.23,27,P0193,22.99,61,4.89,L193,7,192,M193,49,101,2.77
S10,S10,West Hollyburgh,3.83,28,P0194,29.48,199,3.99,L194,7,105,M194,68,194,3.67
S4,S4,East Heatherstad,3.39,18,P0195,28.14,194,2.54,L195,7,387,M195,130,78,2.26
S9,S9,Hernandezview,3.4,18,P0196,47.8,187,1.76,L196,3,205,M196,91,81,3.73
S3,S3,Howardshire,3.93,8,P0197,18.33,167,4.37,L197,6,245,M197,99,62,4.49
S9,S9,Hernandezview,3.4,18,P0198,12.65,71,2.77,L198,8,370,M198,102,51,1.95
S4,S4,East Heatherstad,3.39,18,P0199,29.78,169,3.82,L199,4,477,M199,61,143,4.92
S9,S9,Hernandezview,3.4,18,P0200,18.44,99,3.8,L200,8,195,M200,36,162,2.55
S10,S10,West Hollyburgh,3.83,28,P0201,25.19,63,0.19,L201,2,328,M201,26,47,2.07
S6,S6,Edwinhaven,1.62,8,P0202,38.79,78,0.72,L202,9,301,M202,29,195,2.69
S6,S6,Edwinhaven,1.62,8,P0203,37.95,174,3.33,L203,9,311,M203,53,147,1.38
S8,S8,Warnerbury,4.46,7,P0204,23.09,56,0.89,L204,8,105,M204,55,146,1.5
S7,S7,Port Leefort,1.23,27,P0205,31.53,78,1.35,L205,1,211,M205,25,66,2.66
S7,S7,Port Leefort,1.23,27,P0206,30.32,188,4.74,L206,2,475,M206,48,93,4.05
S6,S6,Edwinhaven,1.62,8,P0207,34.91,82,2.84,L207,6,478,M207,145,167,4.6
S9,S9,Hernandezview,3.4,18,P0208,21.02,183,3.78,L208,5,422,M208,100,108,3.66
S6,S6,Edwinhaven,1.62,8,P0209,33.24,160,2.83,L209,9,205,M209,94,199,1.42
S5,S5,Meltonstad,1.62,12,P0210,47.24,128,2.81,L210,5,238,M210,45,152,3.69
S6,S6,Edwinhaven,1.62,8,P0211,29.52,107,0.56,L211,2,398,M211,146,73,3.54
S2,S2,Robinsonland,4.8,27,P0212,44.62,75,1.78,L212,4,195,M212,134,111,4.22
S6,S6,Edwinhaven,1.62,8,P0213,27.64,78,1.48,L213,9,487,M213,145,116,4.3
S8,S8,Warnerbury,4.46,7,P0214,24.6,53,2.01,L214,1,436,M214,47,45,4.47
S6,S6,Edwinhaven,1.62,8,P0215,35.22,148,4.01,L215,1,396,M215,94,83,2.66
S2,S2,Robinsonland,4.8,27,P0216,36.08,190,1.92,L216,7,488,M216,97,131,3.79
S5,S5,Meltonstad,1.62,12,P0217,43.11,88,2.31,L217,3,313,M217,109,192,2.07
S10,S10,West Hollyburgh,3.83,28,P0218,20.29,64,2.05,L218,2,390,M218,40,127,5.0
S8,S8,Warnerbury,4.46,7,P0219,29.97,168,0.56,L219,9,121,M219,73,185,1.7
S9,S9,Hernandezview,3.4,18,P0220,32.59,78,2.26,L220,3,292,M220,122,31,1.04
S6,S6,Edwinhaven,1.62,8,P0221,39.67,124,1.06,L221,2,249,M221,78,123,1.6
S5,S5,Meltonstad,1.62,12,P0222,13.57,165,1.01,L222,8,467,M222,91,170,4.1
S6,S6,Edwinhaven,1.62,8,P0223,47.8,81,0.56,L223,6,346,M223,39,198,2.79
S10,S10,West Hollyburgh,3.83,28,P0224,28.92,179,1.85,L224,6,366,M224,131,88,2.79
S7,S7,Port Leefort,1.23,27,P0225,22.06,133,3.81,L225,7,350,M225,78,98,4.82
S3,S3,Howardshire,3.93,8,P0226,43.81,71,1.45,L226,7,102,M226,90,148,4.68
S5,S5,Meltonstad,1.62,12,P0227,38.92,76,1.63,L227,6,492,M227,128,121,2.24
S1,S1,Lake Joshuaside,2.5,28,P0228,46.31,130,3.25,L228,4,415,M228,148,74,1.84
S5,S5,Meltonstad,1.62,12,P0229,23.91,175,1.06,L229,9,175,M229,75,177,4.39
S7,S7,Port Leefort,1.23,27,P0230,31.9,141,4.5,L230,6,186,M230,54,53,4.62
S5,S5,Meltonstad,1.62,12,P0231,32.6,70,2.65,L231,4,369,M231,142,120,3.17
S5,S5,Meltonstad,1.62,12,P0232,47.29,96,2.29,L232,3,324,M232,123,123,3.52
S2,S2,Robinsonland,4.8,27,P0233,14.71,150,2.83,L233,4,117,M233,26,87,2.03
S6,S6,Edwinhaven,1.62,8,P0234,23.01,133,0.91,L234,3,212,M234,46,184,4.2
S4,S4,East Heatherstad,3.39,18,P0235,18.87,55,3.11,L235,2,350,M235,20,183,3.53
S2,S2,Robinsonland,4.8,27,P0236,21.67,196,1.88,L236,5,332,M236,106,157,3.01
S2,S2,Robinsonland,4.8,27,P0237,29.47,180,4.5,L237,2,428,M237,60,36,1.24
S4,S4,East Heatherstad,3.39,18,P0238,25.42,50,0.93,L238,6,378,M238,142,199,4.66
S3,S3,Howardshire,3.93,8,P0239,26.21,107,2.58,L239,3,301,M239,94,76,3.46
S4,S4,East Heatherstad,3.39,18,P0240,42.39,173,3.03,L240,6,182,M240,61,82,1.77
S4,S4,East Heatherstad,3.39,18,P0241,45.48,64,0.26,L241,9,224,M241,136,67,3.43
S5,S5,Meltonstad,1.62,12,P0242,14.53,113,1.88,L242,1,274,M242,82,82,3.71
S5,S5,Meltonstad,1.62,12,P0243,19.52,74,3.69,L243,6,168,M243,146,172,3.1
S10,S10,West Hollyburgh,3.83,28,P0244,36.16,73,4.12,L244,9,146,M244,67,183,3.87
S7,S7,Port Leefort,1.23,27,P0245,24.91,61,1.63,L245,4,471,M245,22,77,3.33
S10,S10,West Hollyburgh,3.83,28,P0246,21.15,67,4.01,L246,2,355,M246,135,124,4.79
S1,S1,Lake Joshuaside,2.5,28,P0247,22.63,64,4.84,L247,4,314,M247,118,176,1.21
S8,S8,Warnerbury,4.46,7,P0248,23.61,76,4.3,L248,1,129,M248,135,166,1.42
S5,S5,Meltonstad,1.62,12,P0249,42.55,121,0.68,L249,3,380,M249,33,93,1.69
S7,S7,Port Leefort,1.23,27,P0250,16.92,109,3.72,L250,9,336,M250,131,122,3.76
S3,S3,Howardshire,3.93,8,P0251,37.52,194,1.67,L251,5,347,M251,80,154,3.58
S2,S2,Robinsonland,4.8,27,P0252,31.9,142,4.94,L252,6,467,M252,114,68,4.57
S10,S10,West Hollyburgh,3.83,28,P0253,22.67,102,2.48,L253,3,124,M253,36,33,3.93
S5,S5,Meltonstad,1.62,12,P0254,27.11,57,0.7,L254,5,173,M254,143,155,3.03
S9,S9,Hernandezview,3.4,18,P0255,21.22,128,3.65,L255,8,305,M255,43,32,4.97
S4,S4,East Heatherstad,3.39,18,P0256,34.01,76,1.68,L256,6,413,M256,135,93,2.06
S10,S10,West Hollyburgh,3.83,28,P0257,14.94,99,4.99,L257,4,193,M257,101,58,4.33
S7,S7,Port Leefort,1.23,27,P0258,12.19,180,4.9,L258,2,474,M258,69,145,2.71
S3,S3,Howardshire,3.93,8,P0259,34.6,142,3.32,L259,9,226,M259,98,40,3.59
S6,S6,Edwinhaven,1.62,8,P0260,18.99,73,0.74,L260,1,124,M260,98,126,3.91
S2,S2,Robinsonland,4.8,27,P0261,14.55,109,3.47,L261,1,433,M261,89,131,3.54
S6,S6,Edwinhaven,1.62,8,P0262,26.28,171,0.56,L262,4,454,M262,46,184,1.56
S8,S8,Warnerbury,4.46,7,P0263,13.83,180,0.24,L263,7,215,M263,34,50,2.77
S7,S7,Port Leefort,1.23,27,P0264,43.92,197,4.13,L264,1,147,M264,69,68,3.25
S8,S8,Warnerbury,4.46,7,P0265,12.99,95,1.13,L265,9,325,M265,55,131,4.4
S9,S9,Hernandezview,3.4,18,P0266,32.84,64,1.96,L266,4,365,M266,27,75,2.77
S9,S9,Hernandezview,3.4,18,P0267,27.79,66,4.87,L267,3,198,M267,98,95,4.67
S1,S1,Lake Joshuaside,2.5,28,P0268,36.19,175,1.75,L268,1,110,M268,66,120,2.76
S2,S2,Robinsonland,4.8,27,P0269,23.81,133,1.55,L269,4,184,M269,124,193,3.2
S2,S2,Robinsonland,4.8,27,P0270,17.58,58,4.6,L270,9,313,M270,117,140,4.19
S1,S1,Lake Joshuaside,2.5,28,P0271,47.35,112,0.64,L271,6,272,M271,115,111,3.33
S9,S9,Hernandezview,3.4,18,P0272,42.2,166,3.82,L272,6,490,M272,135,152,4.84
S1,S1,Lake Joshuaside,2.5,28,P0273,42.97,179,4.94,L273,1,308,M273,32,128,3.64
S1,S1,Lake Joshuaside,2.5,28,P0274,21.01,137,4.52,L274,2,481,M274,20,64,3.09
S4,S4,East Heatherstad,3.39,18,P0275,13.4,121,3.29,L275,6,163,M275,53,188,1.09
S10,S10,West Hollyburgh,3.83,28,P0276,22.92,188,1.64,L276,2,357,M276,98,185,2.65
S7,S7,Port Leefort,1.23,27,P0277,31.33,113,1.35,L277,3,431,M277,97,132,2.2
S4,S4,East Heatherstad,3.39,18,P0278,23.76,121,4.11,L278,4,220,M278,140,158,3.99
S2,S2,Robinsonland,4.8,27,P0279,41.8,70,4.41,L279,5,397,M279,112,54,1.83
S4,S4,East Heatherstad,3.39,18,P0280,21.78,67,2.67,L280,9,153,M280,117,72,1.82
S8,S8,Warnerbury,4.46,7,P0281,46.75,113,1.3,L281,4,430,M281,101,113,1.76
S8,S8,Warnerbury,4.46,7,P0282,28.46,131,0.65,L282,9,371,M282,57,80,1.5
S10,S10,West Hollyburgh,3.83,28,P0283,42.31,159,0.53,L283,3,340,M283,33,159,2.24
S1,S1,Lake Joshuaside,2.5,28,P0284,19.0,144,3.62,L284,8,342,M284,110,155,4.54
S2,S2,Robinsonland,4.8,27,P0285,26.81,81,2.16,L285,1,117,M285,73,98,4.1
S8,S8,Warnerbury,4.46,7,P0286,37.18,60,4.54,L286,9,286,M286,149,38,3.94
S10,S10,West Hollyburgh,3.83,28,P0287,16.98,94,3.72,L287,9,445,M287,120,31,4.19
S10,S10,West Hollyburgh,3.83,28,P0288,16.78,82,1.04,L288,2,243,M288,108,191,2.08
S8,S8,Warnerbury,4.46,7,P0289,46.9,151,3.11,L289,4,361,M289,75,188,4.55
S1,S1,Lake Joshuaside,2.5,28,P0290,37.73,185,2.23,L290,8,463,M290,113,39,1.55
S7,S7,Port Leefort,1.23,27,P0291,13.48,60,2.93,L291,7,338,M291,112,143,2.35
S7,S7,Port Leefort,1.23,27,P0292,26.36,137,3.72,L292,1,403,M292,103,105,3.35
S2,S2,Robinsonland,4.8,27,P0293,27.61,90,4.05,L293,5,397,M293,104,193,1.41
S5,S5,Meltonstad,1.62,12,P0294,38.79,194,4.23,L294,7,175,M294,41,114,3.92
S3,S3,Howardshire,3.93,8,P0295,21.03,125,1.34,L295,4,287,M295,54,78,2.55
S9,S9,Hernandezview,3.4,18,P0296,18.64,170,0.25,L296,1,432,M296,35,99,4.14
S6,S6,Edwinhaven,1.62,8,P0297,14.91,95,3.72,L297,9,487,M297,69,160,2.97
S9,S9,Hernandezview,3.4,18,P0298,27.42,129,0.62,L298,5,345,M298,141,162,1.72
S8,S8,Warnerbury,4.46,7,P0299,36.79,103,1.64,L299,2,229,M299,147,119,3.94
S6,S6,Edwinhaven,1.62,8,P0300,14.09,135,0.12,L300,8,414,M300,132,55,2.01
S2,S2,Robinsonland,4.8,27,P0301,44.95,141,3.44,L301,2,382,M301,36,101,2.96
S1,S1,Lake Joshuaside,2.5,28,P0302,27.92,197,0.92,L302,3,178,M302,99,34,1.3
S3,S3,Howardshire,3.93,8,P0303,20.63,146,3.31,L303,1,171,M303,149,44,3.47
S3,S3,Howardshire,3.93,8,P0304,15.38,51,4.96,L304,2,362,M304,104,152,3.66
S9,S9,Hernandezview,3.4,18,P0305,18.58,82,0.46,L305,7,290,M305,113,173,2.51
S10,S10,West Hollyburgh,3.83,28,P0306,45.65,126,0.48,L306,2,466,M306,100,30,4.82
S5,S5,Meltonstad,1.62,12,P0307,34.98,165,1.77,L307,6,474,M307,88,173,4.5
S7,S7,Port Leefort,1.23,27,P0308,30.6,199,4.35,L308,3,162,M308,88,194,3.83
S5,S5,Meltonstad,1.62,12,P0309,35.66,152,1.16,L309,4,479,M309,35,32,3.85
S8,S8,Warnerbury,4.46,7,P0310,27.68,152,1.87,L310,8,111,M310,70,76,2.01
S5,S5,Meltonstad,1.62,12,P0311,38.28,139,0.44,L311,3,240,M311,124,124,3.63
S1,S1,Lake Joshuaside,2.5,28,P0312,13.72,171,3.84,L312,6,353,M312,85,42,1.79
S2,S2,Robinsonland,4.8,27,P0313,32.38,192,2.1,L313,1,142,M313,28,149,1.58
S8,S8,Warnerbury,4.46,7,P0314,17.71,155,3.82,L314,7,116,M314,126,84,5.0
S9,S9,Hernandezview,3.4,18,P0315,16.33,168,4.53,L315,8,162,M315,119,178,3.49
S4,S4,East Heatherstad,3.39,18,P0316,24.31,98,1.24,L316,8,352,M316,105,95,2.72
S9,S9,Hernandezview,3.4,18,P0317,15.3,153,4.06,L317,3,475,M317,83,184,2.15
S3,S3,Howardshire,3.93,8,P0318,15.39,110,0.39,L318,1,391,M318,41,195,3.42
S9,S9,Hernandezview,3.4,18,P0319,23.21,172,4.5,L319,9,107,M319,129,119,1.2
S3,S3,Howardshire,3.93,8,P0320,47.26,183,3.29,L320,6,424,M320,116,91,1.38
S10,S10,West Hollyburgh,3.83,28,P0321,18.31,58,4.38,L321,9,189,M321,37,131,1.13
S9,S9,Hernandezview,3.4,18,P0322,12.62,55,0.1,L322,7,307,M322,90,168,3.0
S3,S3,Howardshire,3.93,8,P0323,39.48,122,0.93,L323,1,391,M323,146,37,3.4
S9,S9,Hernandezview,3.4,18,P0324,41.05,152,2.01,L324,1,383,M324,116,126,1.25
S8,S8,Warnerbury,4.46,7,P0325,24.47,90,1.96,L325,6,217,M325,20,146,3.88
S7,S7,Port Leefort,1.23,27,P0326,28.73,163,1.21,L326,5,448,M326,23,93,1.92
S3,S3,Howardshire,3.93,8,P0327,35.39,57,1.97,L327,9,274,M327,144,50,3.74
S6,S6,Edwinhaven,1.62,8,P0328,13.73,121,0.73,L328,2,175,M328,101,144,4.93
S2,S2,Robinsonland,4.8,27,P0329,46.17,141,2.12,L329,8,200,M329,46,114,3.76
S4,S4,East Heatherstad,3.39,18,P0330,43.92,111,4.03,L330,5,250,M330,78,49,4.53
S4,S4,East Heatherstad,3.39,18,P0331,21.39,133,2.45,L331,2,499,M331,51,37,4.79
S2,S2,Robinsonland,4.8,27,P0332,12.55,111,0.19,L332,6,369,M332,47,87,2.95
S3,S3,Howardshire,3.93,8,P0333,45.6,160,2.17,L333,8,170,M333,125,75,3.81
S10,S10,West Hollyburgh,3.83,28,P0334,30.04,176,0.23,L334,4,279,M334,124,60,4.41
S1,S1,Lake Joshuaside,2.5,28,P0335,31.42,56,4.83,L335,2,223,M335,89,122,2.43
S7,S7,Port Leefort,1.23,27,P0336,36.62,133,0.72,L336,5,480,M336,81,38,2.05
S7,S7,Port Leefort,1.23,27,P0337,34.17,181,3.57,L337,2,392,M337,53,44,4.79
S8,S8,Warnerbury,4.46,7,P0338,45.98,183,4.87,L338,2,384,M338,106,123,3.91
S3,S3,Howardshire,3.93,8,P0339,45.99,107,4.15,L339,6,294,M339,133,183,1.88
S3,S3,Howardshire,3.93,8,P0340,43.22,71,3.53,L340,9,498,M340,125,167,2.8
S8,S8,Warnerbury,4.46,7,P0341,34.91,176,4.21,L341,4,327,M341,75,58,4.19
S5,S5,Meltonstad,1.62,12,P0342,40.83,52,4.91,L342,6,374,M342,132,109,3.19
S3,S3,Howardshire,3.93,8,P0343,36.38,176,3.14,L343,7,205,M343,32,65,3.6
S6,S6,Edwinhaven,1.62,8,P0344,32.64,90,2.84,L344,6,120,M344,37,113,4.02
S5,S5,Meltonstad,1.62,12,P0345,16.63,155,3.18,L345,8,163,M345,132,138,3.49
S1,S1,Lake Joshuaside,2.5,28,P0346,41.2,63,2.71,L346,4,264,M346,58,147,3.16
S3,S3,Howardshire,3.93,8,P0347,41.54,61,3.21,L347,1,126,M347,98,66,4.0
S4,S4,East Heatherstad,3.39,18,P0348,34.53,136,2.3,L348,7,410,M348,49,115,3.91
S1,S1,Lake Joshuaside,2.5,28,P0349,41.54,61,1.17,L349,3,384,M349,117,100,3.52
S10,S10,West Hollyburgh,3.83,28,P0350,35.45,190,0.69,L350,6,247,M350,77,180,2.44
S2,S2,Robinsonland,4.8,27,P0351,19.44,74,0.43,L351,2,380,M351,86,198,2.62
S5,S5,Meltonstad,1.62,12,P0352,21.86,94,1.39,L352,9,425,M352,90,122,4.88
S6,S6,Edwinhaven,1.62,8,P0353,19.73,171,0.33,L353,1,418,M353,125,109,1.45
S10,S10,West Hollyburgh,3.83,28,P0354,25.58,196,2.88,L354,6,263,M354,26,131,2.07
S2,S2,Robinsonland,4.8,27,P0355,13.4,104,1.49,L355,6,485,M355,59,185,2.97
S2,S2,Robinsonland,4.8,27,P0356,34.26,149,4.14,L356,5,323,M356,89,195,4.35
S1,S1,Lake Joshuaside,2.5,28,P0357,24.12,185,0.46,L357,5,371,M357,87,188,1.65
S5,S5,Meltonstad,1.62,12,P0358,35.61,168,1.21,L358,1,245,M358,68,43,2.11
S7,S7,Port Leefort,1.23,27,P0359,25.87,102,3.68,L359,5,455,M359,71,146,1.26
S5,S5,Meltonstad,1.62,12,P0360,36.54,81,3.03,L360,2,129,M360,133,102,3.82
S4,S4,East Heatherstad,3.39,18,P0361,24.26,100,0.42,L361,7,144,M361,126,120,1.95
S1,S1,Lake Joshuaside,2.5,28,P0362,21.39,93,4.4,L362,3,374,M362,48,119,2.55
S6,S6,Edwinhaven,1.62,8,P0363,29.86,131,4.4,L363,4,133,M363,97,58,2.77
S1,S1,Lake Joshuaside,2.5,28,P0364,36.94,195,1.72,L364,3,240,M364,28,78,4.57
S5,S5,Meltonstad,1.62,12,P0365,24.54,199,1.77,L365,3,417,M365,95,101,2.65
S9,S9,Hernandezview,3.4,18,P0366,45.72,86,4.95,L366,4,473,M366,61,162,1.58
S4,S4,East Heatherstad,3.39,18,P0367,13.41,145,3.17,L367,5,320,M367,147,71,3.1
S4,S4,East Heatherstad,3.39,18,P0368,27.05,105,2.7,L368,1,455,M368,39,164,4.85
S9,S9,Hernandezview,3.4,18,P0369,46.83,154,4.21,L369,4,121,M369,91,71,3.43
S3,S3,Howardshire,3.93,8,P0370,31.73,108,1.5,L370,8,279,M370,84,193,4.93
S10,S10,West Hollyburgh,3.83,28,P0371,27.24,180,2.2,L371,7,466,M371,132,134,4.36
S6,S6,Edwinhaven,1.62,8,P0372,32.47,84,1.41,L372,9,428,M372,43,56,1.14
S1,S1,Lake Joshuaside,2.5,28,P0373,32.73,142,3.97,L373,5,330,M373,147,87,3.63
S4,S4,East Heatherstad,3.39,18,P0374,38.34,146,2.91,L374,4,137,M374,102,75,2.15
S7,S7,Port Leefort,1.23,27,P0375,16.6,184,3.33,L375,8,169,M375,82,95,3.24
S6,S6,Edwinhaven,1.62,8,P0376,21.0,125,1.34,L376,9,215,M376,79,54,2.12
S9,S9,Hernandezview,3.4,18,P0377,32.9,98,1.18,L377,7,338,M377,118,102,2.4
S4,S4,East Heatherstad,3.39,18,P0378,43.22,143,2.49,L378,7,434,M378,81,146,4.69
S1,S1,Lake Joshuaside,2.5,28,P0379,32.23,73,3.71,L379,5,247,M379,49,184,1.83
S4,S4,East Heatherstad,3.39,18,P0380,20.59,197,2.67,L380,4,108,M380,41,158,4.5
S9,S9,Hernandezview,3.4,18,P0381,36.47,86,0.26,L381,1,387,M381,145,116,1.12
S6,S6,Edwinhaven,1.62,8,P0382,38.64,53,4.36,L382,7,487,M382,61,103,1.36
S3,S3,Howardshire,3.93,8,P0383,20.58,157,0.42,L383,1,149,M383,117,199,4.42
S5,S5,Meltonstad,1.62,12,P0384,25.6,175,4.78,L384,1,437,M384,50,182,3.52
S1,S1,Lake Joshuaside,2.5,28,P0385,31.24,69,0.22,L385,5,104,M385,131,154,3.99
S4,S4,East Heatherstad,3.39,18,P0386,29.88,99,3.5,L386,9,442,M386,141,96,1.84
S1,S1,Lake Joshuaside,2.5,28,P0387,26.03,145,0.5,L387,6,225,M387,36,35,3.15
S3,S3,Howardshire,3.93,8,P0388,22.71,154,4.56,L388,3,174,M388,57,154,3.95
S1,S1,Lake Joshuaside,2.5,28,P0389,15.6,166,2.38,L389,3,264,M389,129,87,3.51
S5,S5,Meltonstad,1.62,12,P0390,13.93,147,0.77,L390,7,377,M390,41,99,2.89
S6,S6,Edwinhaven,1.62,8,P0391,46.51,115,1.77,L391,6,423,M391,75,82,4.84
S2,S2,Robinsonland,4.8,27,P0392,42.5,128,0.91,L392,9,399,M392,138,95,3.7
S7,S7,Port Leefort,1.23,27,P0393,24.78,55,0.94,L393,6,389,M393,76,87,4.63
S9,S9,Hernandezview,3.4,18,P0394,46.44,88,4.75,L394,5,176,M394,54,111,3.92
S9,S9,Hernandezview,3.4,18,P0395,36.36,164,2.28,L395,7,397,M395,133,116,3.94
S7,S7,Port Leefort,1.23,27,P0396,29.37,174,3.97,L396,1,236,M396,144,31,1.32
S6,S6,Edwinhaven,1.62,8,P0397,29.75,61,3.23,L397,7,205,M397,148,179,2.44
S3,S3,Howardshire,3.93,8,P0398,15.0,180,3.41,L398,3,194,M398,71,66,4.43
S8,S8,Warnerbury,4.46,7,P0399,15.3,67,0.75,L399,9,234,M399,104,177,1.93
S8,S8,Warnerbury,4.46,7,P0400,33.69,89,1.25,L400,6,167,M400,84,132,1.46
S5,S5,Meltonstad,1.62,12,P0401,31.93,70,3.96,L401,9,246,M401,148,53,2.3
S8,S8,Warnerbury,4.46,7,P0402,19.66,192,4.86,L402,5,258,M402,40,141,1.88
S10,S10,West Hollyburgh,3.83,28,P0403,46.06,148,1.39,L403,7,483,M403,35,94,4.7
S2,S2,Robinsonland,4.8,27,P0404,40.13,75,1.43,L404,4,262,M404,142,158,4.47
S9,S9,Hernandezview,3.4,18,P0405,16.08,57,2.42,L405,7,440,M405,80,146,3.0
S5,S5,Meltonstad,1.62,12,P0406,45.51,149,4.92,L406,1,288,M406,73,145,1.25
S7,S7,Port Leefort,1.23,27,P0407,47.07,136,1.42,L407,7,438,M407,45,134,3.86
S9,S9,Hernandezview,3.4,18,P0408,47.85,91,2.09,L408,8,194,M408,99,32,3.49
S2,S2,Robinsonland,4.8,27,P0409,14.01,63,4.47,L409,5,280,M409,84,75,4.88
S8,S8,Warnerbury,4.46,7,P0410,38.53,127,0.11,L410,2,387,M410,119,84,3.24
S7,S7,Port Leefort,1.23,27,P0411,31.65,51,0.29,L411,5,421,M411,93,104,2.35
S1,S1,Lake Joshuaside,2.5,28,P0412,37.41,168,3.06,L412,6,286,M412,36,74,3.08
S2,S2,Robinsonland,4.8,27,P0413,46.87,86,4.55,L413,2,471,M413,140,183,4.92
S5,S5,Meltonstad,1.62,12,P0414,36.77,118,1.27,L414,6,237,M414,42,106,3.79
S8,S8,Warnerbury,4.46,7,P0415,42.13,90,2.4,L415,6,229,M415,90,53,3.69
S1,S1,Lake Joshuaside,2.5,28,P0416,43.21,111,2.31,L416,1,293,M416,127,64,1.96
S3,S3,Howardshire,3.93,8,P0417,42.19,109,2.42,L417,1,415,M417,98,53,3.97
S3,S3,Howardshire,3.93,8,P0418,27.34,174,3.15,L418,3,372,M418,65,57,4.0
S9,S9,Hernandezview,3.4,18,P0419,20.01,160,2.4,L419,3,451,M419,97,45,2.27
S8,S8,Warnerbury,4.46,7,P0420,26.28,63,2.29,L420,4,243,M420,35,88,2.93
S9,S9,Hernandezview,3.4,18,P0421,44.11,133,2.42,L421,2,115,M421,90,173,2.18
S6,S6,Edwinhaven,1.62,8,P0422,17.28,179,3.0,L422,9,401,M422,115,44,2.03
S4,S4,East Heatherstad,3.39,18,P0423,30.48,119,2.73,L423,7,344,M423,21,40,1.1
S9,S9,Hernandezview,3.4,18,P0424,20.4,194,4.29,L424,7,206,M424,29,108,2.14
S4,S4,East Heatherstad,3.39,18,P0425,32.93,172,0.34,L425,6,187,M425,144,144,3.22
S8,S8,Warnerbury,4.46,7,P0426,43.07,138,4.18,L426,3,228,M426,100,97,1.01
S4,S4,East Heatherstad,3.39,18,P0427,43.69,77,4.24,L427,6,494,M427,89,72,2.13
S2,S2,Robinsonland,4.8,27,P0428,20.52,115,1.5,L428,8,474,M428,51,98,4.53
S9,S9,Hernandezview,3.4,18,P0429,44.68,54,2.37,L429,8,440,M429,124,170,3.37
S3,S3,Howardshire,3.93,8,P0430,33.31,94,2.25,L430,9,103,M430,103,167,3.43
S6,S6,Edwinhaven,1.62,8,P0431,24.61,96,1.17,L431,1,426,M431,148,104,2.61
S1,S1,Lake Joshuaside,2.5,28,P0432,37.49,80,2.04,L432,1,466,M432,77,132,3.71
S5,S5,Meltonstad,1.62,12,P0433,29.34,188,0.32,L433,3,405,M433,64,70,1.76
S7,S7,Port Leefort,1.23,27,P0434,25.61,59,1.46,L434,3,495,M434,116,88,4.27
S9,S9,Hernandezview,3.4,18,P0435,37.38,167,4.1,L435,8,194,M435,42,68,1.47
S3,S3,Howardshire,3.93,8,P0436,20.95,63,1.49,L436,1,308,M436,42,32,3.62
S3,S3,Howardshire,3.93,8,P0437,23.89,129,4.11,L437,2,324,M437,98,36,2.36
S9,S9,Hernandezview,3.4,18,P0438,27.64,142,2.7,L438,2,447,M438,63,78,3.99
S2,S2,Robinsonland,4.8,27,P0439,21.13,59,4.41,L439,3,420,M439,46,55,3.2
S6,S6,Edwinhaven,1.62,8,P0440,26.59,125,2.92,L440,6,146,M440,45,190,2.81
S4,S4,East Heatherstad,3.39,18,P0441,32.57,143,0.25,L441,1,280,M441,116,130,1.68
S3,S3,Howardshire,3.93,8,P0442,38.68,154,3.41,L442,2,205,M442,55,108,3.55
S1,S1,Lake Joshuaside,2.5,28,P0443,39.62,50,0.32,L443,1,298,M443,128,31,4.9
S4,S4,East Heatherstad,3.39,18,P0444,41.62,182,2.31,L444,5,485,M444,74,156,4.3
S6,S6,Edwinhaven,1.62,8,P0445,38.79,69,4.65,L445,7,205,M445,88,189,1.24
S3,S3,Howardshire,3.93,8,P0446,36.52,57,0.91,L446,8,379,M446,80,161,2.5
S4,S4,East Heatherstad,3.39,18,P0447,20.55,50,2.01,L447,1,359,M447,149,49,4.7
S7,S7,Port Leefort,1.23,27,P0448,26.41,106,3.68,L448,7,207,M448,74,146,3.01
S6,S6,Edwinhaven,1.62,8,P0449,29.2,113,4.42,L449,5,118,M449,141,193,3.65
S4,S4,East Heatherstad,3.39,18,P0450,14.98,167,3.39,L450,1,395,M450,116,61,4.65
S6,S6,Edwinhaven,1.62,8,P0451,31.02,77,1.37,L451,3,405,M451,99,57,4.5
S4,S4,East Heatherstad,3.39,18,P0452,27.71,170,3.41,L452,7,270,M452,106,106,3.01
S4,S4,East Heatherstad,3.39,18,P0453,40.88,156,1.55,L453,1,430,M453,57,30,2.75
S4,S4,East Heatherstad,3.39,18,P0454,47.2,98,3.62,L454,7,294,M454,138,85,2.36
S9,S9,Hernandezview,3.4,18,P0455,32.02,169,4.77,L455,5,111,M455,97,64,3.88
S5,S5,Meltonstad,1.62,12,P0456,23.62,93,3.63,L456,1,294,M456,54,141,2.15
S6,S6,Edwinhaven,1.62,8,P0457,13.56,105,4.33,L457,1,382,M457,98,59,2.0
S10,S10,West Hollyburgh,3.83,28,P0458,45.29,160,0.11,L458,1,468,M458,86,83,2.42
S6,S6,Edwinhaven,1.62,8,P0459,45.09,183,3.62,L459,9,281,M459,106,65,1.71
S3,S3,Howardshire,3.93,8,P0460,21.11,157,4.16,L460,3,404,M460,53,109,3.78
S5,S5,Meltonstad,1.62,12,P0461,37.03,197,0.3,L461,5,243,M461,116,87,3.46
S4,S4,East Heatherstad,3.39,18,P0462,14.72,163,4.37,L462,9,485,M462,90,112,2.93
S9,S9,Hernandezview,3.4,18,P0463,17.98,127,1.36,L463,6,415,M463,22,94,2.56
S2,S2,Robinsonland,4.8,27,P0464,19.81,179,3.36,L464,9,281,M464,77,98,4.64
S1,S1,Lake Joshuaside,2.5,28,P0465,22.6,86,4.02,L465,8,129,M465,51,157,1.12
S5,S5,Meltonstad,1.62,12,P0466,47.85,69,3.35,L466,8,183,M466,50,80,4.08
S5,S5,Meltonstad,1.62,12,P0467,37.09,75,0.55,L467,1,265,M467,101,51,4.61
S8,S8,Warnerbury,4.46,7,P0468,25.83,78,3.02,L468,9,383,M468,62,136,2.79
S6,S6,Edwinhaven,1.62,8,P0469,38.54,50,2.79,L469,6,380,M469,124,138,3.2
S8,S8,Warnerbury,4.46,7,P0470,44.95,168,4.51,L470,9,195,M470,20,145,4.78
S10,S10,West Hollyburgh,3.83,28,P0471,46.51,84,2.08,L471,3,480,M471,80,130,1.85
S3,S3,Howardshire,3.93,8,P0472,14.08,108,1.67,L472,3,365,M472,33,129,3.08
S1,S1,Lake Joshuaside,2.5,28,P0473,26.2,118,3.77,L473,6,397,M473,25,193,2.9
S10,S10,West Hollyburgh,3.83,28,P0474,15.84,61,2.12,L474,9,395,M474,122,97,2.03
S7,S7,Port Leefort,1.23,27,P0475,24.08,69,3.27,L475,7,324,M475,29,65,4.27
S9,S9,Hernandezview,3.4,18,P0476,18.11,92,3.27,L476,3,432,M476,90,198,4.6
S2,S2,Robinsonland,4.8,27,P0477,35.29,175,4.45,L477,3,460,M477,109,175,4.13
S4,S4,East Heatherstad,3.39,18,P0478,25.98,99,3.03,L478,2,473,M478,145,51,1.78
S6,S6,Edwinhaven,1.62,8,P0479,20.26,78,2.56,L479,9,141,M479,116,95,1.35
S4,S4,East Heatherstad,3.39,18,P0480,21.57,88,0.78,L480,3,402,M480,93,50,3.42
S2,S2,Robinsonland,4.8,27,P0481,24.97,87,0.67,L481,5,345,M481,134,129,1.23
S5,S5,Meltonstad,1.62,12,P0482,21.36,133,0.86,L482,9,307,M482,70,157,3.69
S2,S2,Robinsonland,4.8,27,P0483,28.32,177,0.94,L483,8,336,M483,75,73,3.12
S7,S7,Port Leefort,1.23,27,P0484,13.16,175,3.23,L484,2,121,M484,60,132,3.65
S4,S4,East Heatherstad,3.39,18,P0485,22.07,94,3.73,L485,3,284,M485,51,76,3.36
S4,S4,East Heatherstad,3.39,18,P0486,26.8,101,2.7,L486,2,341,M486,34,68,2.69
S3,S3,Howardshire,3.93,8,P0487,33.7,129,4.16,L487,8,462,M487,81,58,1.8
S10,S10,West Hollyburgh,3.83,28,P0488,21.75,173,4.96,L488,6,382,M488,47,83,2.22
S8,S8,Warnerbury,4.46,7,P0489,16.79,168,4.12,L489,6,140,M489,83,119,3.1
S8,S8,Warnerbury,4.46,7,P0490,14.74,57,3.5,L490,9,435,M490,149,114,3.61
S7,S7,Port Leefort,1.23,27,P0491,45.86,134,2.71,L491,8,261,M491,146,46,4.12
S8,S8,Warnerbury,4.46,7,P0492,27.0,178,2.3,L492,4,259,M492,55,109,4.07
S7,S7,Port Leefort,1.23,27,P0493,32.92,57,0.51,L493,4,188,M493,133,188,4.89
S1,S1,Lake Joshuaside,2.5,28,P0494,45.09,145,2.06,L494,9,421,M494,32,102,2.14
S7,S7,Port Leefort,1.23,27,P0495,14.98,151,4.56,L495,1,111,M495,34,78,1.28
S9,S9,Hernandezview,3.4,18,P0496,43.56,54,4.06,L496,2,172,M496,108,130,2.38
S5,S5,Meltonstad,1.62,12,P0497,31.86,135,1.16,L497,2,175,M497,41,31,3.97
S7,S7,Port Leefort,1.23,27,P0498,17.93,83,2.39,L498,6,445,M498,93,171,2.75
S1,S1,Lake Joshuaside,2.5,28,P0499,26.81,104,4.1,L499,4,300,M499,44,88,4.27
S3,S3,Howardshire,3.93,8,P0500,39.99,168,0.43,L500,3,109,M500,120,126,3.2
S1,S1,Lake Joshuaside,2.5,28,P0501,29.29,163,2.0,L501,3,451,M501,136,128,4.72
S8,S8,Warnerbury,4.46,7,P0502,47.47,194,4.27,L502,3,325,M502,60,132,4.79
S6,S6,Edwinhaven,1.62,8,P0503,25.56,75,2.08,L503,6,275,M503,107,31,1.28
S2,S2,Robinsonland,4.8,27,P0504,38.98,185,0.48,L504,8,375,M504,129,70,2.83
S4,S4,East Heatherstad,3.39,18,P0505,26.15,96,2.76,L505,7,138,M505,139,152,3.44
S1,S1,Lake Joshuaside,2.5,28,P0506,41.85,162,4.32,L506,4,159,M506,116,111,2.02
S5,S5,Meltonstad,1.62,12,P0507,32.49,125,2.99,L507,4,165,M507,76,173,2.63
S4,S4,East Heatherstad,3.39,18,P0508,14.29,121,1.21,L508,2,420,M508,149,161,3.71
S7,S7,Port Leefort,1.23,27,P0509,13.33,138,1.98,L509,1,223,M509,115,169,1.91
S2,S2,Robinsonland,4.8,27,P0510,16.82,95,2.31,L510,9,263,M510,140,58,3.41
S8,S8,Warnerbury,4.46,7,P0511,12.49,82,2.94,L511,2,485,M511,81,164,3.79
S9,S9,Hernandezview,3.4,18,P0512,14.71,50,3.82,L512,8,258,M512,87,43,1.36
S6,S6,Edwinhaven,1.62,8,P0513,36.9,196,0.58,L513,9,156,M513,100,41,2.99
S6,S6,Edwinhaven,1.62,8,P0514,31.24,80,4.46,L514,4,177,M514,36,128,2.05
S5,S5,Meltonstad,1.62,12,P0515,39.0,191,0.16,L515,8,293,M515,136,162,3.9
S9,S9,Hernandezview,3.4,18,P0516,44.87,102,1.91,L516,9,384,M516,69,110,1.76
S3,S3,Howardshire,3.93,8,P0517,33.07,97,0.23,L517,5,114,M517,131,135,4.57
S10,S10,West Hollyburgh,3.83,28,P0518,38.14,118,2.03,L518,7,111,M518,113,61,2.72
S4,S4,East Heatherstad,3.39,18,P0519,39.25,154,2.68,L519,4,200,M519,104,103,1.79
S3,S3,Howardshire,3.93,8,P0520,25.6,139,2.61,L520,1,255,M520,93,110,2.75
S7,S7,Port Leefort,1.23,27,P0521,20.68,112,0.91,L521,3,439,M521,128,98,2.63
S7,S7,Port Leefort,1.23,27,P0522,19.38,122,3.26,L522,5,224,M522,37,74,2.72
S2,S2,Robinsonland,4.8,27,P0523,21.05,138,0.32,L523,3,458,M523,61,135,3.34
S1,S1,Lake Joshuaside,2.5,28,P0524,21.89,62,3.83,L524,7,379,M524,120,166,3.08
S2,S2,Robinsonland,4.8,27,P0525,19.46,122,4.74,L525,9,493,M525,64,190,1.6
S2,S2,Robinsonland,4.8,27,P0526,43.62,126,1.76,L526,6,209,M526,101,129,1.26
S4,S4,East Heatherstad,3.39,18,P0527,39.25,117,2.63,L527,1,433,M527,36,175,3.92
S4,S4,East Heatherstad,3.39,18,P0528,13.69,147,1.96,L528,7,456,M528,92,38,3.24
S1,S1,Lake Joshuaside,2.5,28,P0529,21.67,174,0.13,L529,3,245,M529,33,91,2.44
S4,S4,East Heatherstad,3.39,18,P0530,12.8,151,1.99,L530,5,315,M530,101,58,4.23
S9,S9,Hernandezview,3.4,18,P0531,29.93,181,3.98,L531,4,497,M531,139,154,2.55
S9,S9,Hernandezview,3.4,18,P0532,29.14,151,3.02,L532,5,261,M532,139,143,4.18
S3,S3,Howardshire,3.93,8,P0533,41.93,68,0.6,L533,5,227,M533,66,182,2.22
S5,S5,Meltonstad,1.62,12,P0534,23.08,131,4.25,L534,6,413,M534,126,172,1.29
S5,S5,Meltonstad,1.62,12,P0535,41.39,190,2.7,L535,6,431,M535,127,163,4.73
S5,S5,Meltonstad,1.62,12,P0536,46.85,72,4.22,L536,8,249,M536,28,149,2.58
S4,S4,East Heatherstad,3.39,18,P0537,15.18,132,2.94,L537,8,135,M537,98,199,4.17
S6,S6,Edwinhaven,1.62,8,P0538,40.51,158,2.84,L538,9,272,M538,34,186,2.12
S1,S1,Lake Joshuaside,2.5,28,P0539,33.24,124,0.62,L539,8,121,M539,38,108,3.59
S7,S7,Port Leefort,1.23,27,P0540,29.28,178,0.92,L540,2,305,M540,109,122,4.49
S9,S9,Hernandezview,3.4,18,P0541,27.14,137,4.86,L541,1,226,M541,45,33,1.17
S2,S2,Robinsonland,4.8,27,P0542,40.25,103,1.22,L542,2,435,M542,111,111,4.32
S7,S7,Port Leefort,1.23,27,P0543,35.02,138,4.89,L543,2,455,M543,101,104,3.29
S8,S8,Warnerbury,4.46,7,P0544,40.98,192,2.71,L544,3,316,M544,61,43,3.43
S8,S8,Warnerbury,4.46,7,P0545,44.51,114,0.77,L545,7,195,M545,38,160,3.09
S4,S4,East Heatherstad,3.39,18,P0546,34.22,125,0.59,L546,2,263,M546,36,143,4.5
S3,S3,Howardshire,3.93,8,P0547,47.3,192,1.12,L547,1,247,M547,95,91,1.17
S6,S6,Edwinhaven,1.62,8,P0548,33.89,198,4.64,L548,6,117,M548,82,135,2.04
S2,S2,Robinsonland,4.8,27,P0549,34.92,196,2.13,L549,9,393,M549,126,93,4.5
S7,S7,Port Leefort,1.23,27,P0550,31.97,109,2.04,L550,3,294,M550,68,131,4.01
S7,S7,Port Leefort,1.23,27,P0551,15.28,142,1.63,L551,6,250,M551,74,135,1.07
S4,S4,East Heatherstad,3.39,18,P0552,38.15,98,0.82,L552,3,464,M552,118,49,3.07
S4,S4,East Heatherstad,3.39,18,P0553,31.71,84,2.49,L553,1,222,M553,71,87,3.12
S8,S8,Warnerbury,4.46,7,P0554,28.23,151,0.74,L554,5,499,M554,119,141,2.6
S4,S4,East Heatherstad,3.39,18,P0555,44.78,60,4.19,L555,4,286,M555,136,86,2.19
S3,S3,Howardshire,3.93,8,P0556,22.73,148,1.91,L556,7,248,M556,137,148,3.73
S10,S10,West Hollyburgh,3.83,28,P0557,30.85,159,1.94,L557,6,203,M557,26,126,1.83
S9,S9,Hernandezview,3.4,18,P0558,37.12,123,2.42,L558,7,342,M558,65,121,4.2
S7,S7,Port Leefort,1.23,27,P0559,40.67,58,2.28,L559,5,330,M559,65,81,4.21
S10,S10,West Hollyburgh,3.83,28,P0560,28.54,52,4.97,L560,4,305,M560,119,66,2.66
S6,S6,Edwinhaven,1.62,8,P0561,42.32,134,2.77,L561,7,297,M561,73,37,2.13
S10,S10,West Hollyburgh,3.83,28,P0562,39.68,75,0.53,L562,7,495,M562,81,73,2.14
S5,S5,Meltonstad,1.62,12,P0563,14.38,121,3.07,L563,6,499,M563,148,127,2.93
S7,S7,Port Leefort,1.23,27,P0564,13.65,97,0.84,L564,8,436,M564,68,162,3.88
S4,S4,East Heatherstad,3.39,18,P0565,34.35,166,0.25,L565,4,186,M565,44,147,2.44
S4,S4,East Heatherstad,3.39,18,P0566,24.51,61,4.86,L566,5,241,M566,29,98,3.44
S6,S6,Edwinhaven,1.62,8,P0567,19.53,182,3.89,L567,4,416,M567,137,188,2.53
S5,S5,Meltonstad,1.62,12,P0568,32.87,97,4.9,L568,1,298,M568,111,74,2.22
S2,S2,Robinsonland,4.8,27,P0569,24.3,86,2.44,L569,8,145,M569,99,166,1.1
S7,S7,Port Leefort,1.23,27,P0570,31.34,93,2.71,L570,1,387,M570,90,61,1.02
S10,S10,West Hollyburgh,3.83,28,P0571,28.56,64,0.92,L571,5,114,M571,97,62,1.91
S5,S5,Meltonstad,1.62,12,P0572,33.05,92,1.31,L572,6,143,M572,62,155,2.63
S7,S7,Port Leefort,1.23,27,P0573,26.41,136,4.21,L573,6,268,M573,109,96,4.41
S1,S1,Lake Joshuaside,2.5,28,P0574,37.12,119,1.85,L574,5,409,M574,97,59,4.19
S4,S4,East Heatherstad,3.39,18,P0575,18.48,95,4.15,L575,3,143,M575,45,143,2.07
S8,S8,Warnerbury,4.46,7,P0576,37.07,157,3.57,L576,5,197,M576,140,58,1.98
S3,S3,Howardshire,3.93,8,P0577,26.82,172,0.97,L577,8,360,M577,64,160,1.91
S1,S1,Lake Joshuaside,2.5,28,P0578,43.48,70,2.59,L578,2,208,M578,82,59,2.36
S10,S10,West Hollyburgh,3.83,28,P0579,30.55,156,3.42,L579,6,382,M579,87,166,2.99
S6,S6,Edwinhaven,1.62,8,P0580,47.03,129,1.25,L580,9,471,M580,21,183,2.75
S1,S1,Lake Joshuaside,2.5,28,P0581,33.67,96,4.17,L581,8,442,M581,127,159,1.87
S10,S10,West Hollyburgh,3.83,28,P0582,20.06,166,2.77,L582,8,203,M582,49,91,1.52
S10,S10,West Hollyburgh,3.83,28,P0583,41.58,173,0.91,L583,8,355,M583,68,32,1.05
S1,S1,Lake Joshuaside,2.5,28,P0584,24.42,192,2.96,L584,7,478,M584,63,97,1.62
S9,S9,Hernandezview,3.4,18,P0585,24.51,74,5.0,L585,8,305,M585,32,54,3.82
S8,S8,Warnerbury,4.46,7,P0586,13.14,85,0.84,L586,6,434,M586,97,170,1.97
S8,S8,Warnerbury,4.46,7,P0587,31.75,100,4.1,L587,2,142,M587,145,73,2.87
S1,S1,Lake Joshuaside,2.5,28,P0588,31.24,64,1.12,L588,2,452,M588,117,192,3.37
S9,S9,Hernandezview,3.4,18,P0589,24.82,117,3.93,L589,8,344,M589,45,84,4.55
S6,S6,Edwinhaven,1.62,8,P0590,44.19,70,3.7,L590,1,386,M590,67,166,4.56
S6,S6,Edwinhaven,1.62,8,P0591,16.63,190,1.57,L591,6,454,M591,85,159,3.98
S9,S9,Hernandezview,3.4,18,P0592,23.88,68,1.7,L592,6,372,M592,106,70,1.14
S8,S8,Warnerbury,4.46,7,P0593,23.58,83,3.98,L593,4,182,M593,98,93,3.3
S5,S5,Meltonstad,1.62,12,P0594,15.32,127,2.36,L594,3,209,M594,42,60,4.15
S9,S9,Hernandezview,3.4,18,P0595,29.32,174,3.68,L595,3,289,M595,100,76,1.07
S5,S5,Meltonstad,1.62,12,P0596,36.76,166,0.83,L596,1,387,M596,67,159,3.2
S8,S8,Warnerbury,4.46,7,P0597,30.42,101,4.28,L597,3,496,M597,143,125,4.43
S3,S3,Howardshire,3.93,8,P0598,17.65,76,3.58,L598,4,350,M598,149,106,2.9
S10,S10,West Hollyburgh,3.83,28,P0599,25.58,84,4.54,L599,5,311,M599,103,139,1.02
S4,S4,East Heatherstad,3.39,18,P0600,12.09,185,0.75,L600,3,390,M600,39,98,1.04
S8,S8,Warnerbury,4.46,7,P0601,43.26,193,3.01,L601,6,232,M601,65,87,2.67
S8,S8,Warnerbury,4.46,7,P0602,15.04,155,3.04,L602,5,300,M602,31,135,1.62
S3,S3,Howardshire,3.93,8,P0603,33.5,195,1.83,L603,3,384,M603,59,73,3.66
S6,S6,Edwinhaven,1.62,8,P0604,47.51,51,2.35,L604,6,425,M604,85,103,3.84
S8,S8,Warnerbury,4.46,7,P0605,31.32,126,0.29,L605,6,194,M605,119,85,1.71
S5,S5,Meltonstad,1.62,12,P0606,45.27,181,3.75,L606,8,377,M606,97,156,4.55
S1,S1,Lake Joshuaside,2.5,28,P0607,20.5,139,2.79,L607,2,424,M607,35,191,2.77
S6,S6,Edwinhaven,1.62,8,P0608,39.36,138,0.38,L608,1,318,M608,102,59,1.57
S7,S7,Port Leefort,1.23,27,P0609,31.13,143,3.44,L609,4,188,M609,63,100,4.06
S7,S7,Port Leefort,1.23,27,P0610,37.94,56,2.39,L610,7,171,M610,119,147,4.16
S1,S1,Lake Joshuaside,2.5,28,P0611,14.24,144,0.27,L611,3,346,M611,41,84,3.56
S2,S2,Robinsonland,4.8,27,P0612,17.32,157,4.85,L612,3,228,M612,37,96,4.41
S10,S10,West Hollyburgh,3.83,28,P0613,16.79,123,4.75,L613,5,311,M613,31,170,3.95
S3,S3,Howardshire,3.93,8,P0614,36.74,88,2.61,L614,5,442,M614,142,32,4.53
S4,S4,East Heatherstad,3.39,18,P0615,42.4,190,0.56,L615,3,195,M615,136,55,2.74
S6,S6,Edwinhaven,1.62,8,P0616,38.99,120,3.8,L616,9,174,M616,70,86,3.99
S10,S10,West Hollyburgh,3.83,28,P0617,13.1,105,2.51,L617,4,153,M617,90,155,5.0
S8,S8,Warnerbury,4.46,7,P0618,43.22,91,1.58,L618,3,443,M618,67,181,3.9
S5,S5,Meltonstad,1.62,12,P0619,24.75,85,2.51,L619,2,153,M619,38,82,1.46
S6,S6,Edwinhaven,1.62,8,P0620,26.3,133,2.66,L620,9,317,M620,25,72,3.07
S10,S10,West Hollyburgh,3.83,28,P0621,15.78,167,2.86,L621,4,115,M621,103,78,3.35
S8,S8,Warnerbury,4.46,7,P0622,38.55,56,2.26,L622,3,198,M622,72,71,1.7
S2,S2,Robinsonland,4.8,27,P0623,18.56,103,3.07,L623,7,119,M623,126,40,4.85
S2,S2,Robinsonland,4.8,27,P0624,32.3,178,4.6,L624,8,145,M624,120,132,1.7
S7,S7,Port Leefort,1.23,27,P0625,42.27,169,1.88,L625,2,292,M625,67,127,1.71
S2,S2,Robinsonland,4.8,27,P0626,15.21,155,3.66,L626,7,482,M626,88,175,4.66
S9,S9,Hernandezview,3.4,18,P0627,31.27,96,4.48,L627,5,157,M627,30,114,2.86
S2,S2,Robinsonland,4.8,27,P0628,20.4,172,2.33,L628,5,210,M628,141,129,1.25
S1,S1,Lake Joshuaside,2.5,28,P0629,24.35,190,2.27,L629,3,228,M629,88,133,3.39
S6,S6,Edwinhaven,1.62,8,P0630,29.06,168,3.05,L630,5,436,M630,42,75,3.41
S3,S3,Howardshire,3.93,8,P0631,24.78,199,3.0,L631,2,293,M631,56,73,1.26
S1,S1,Lake Joshuaside,2.5,28,P0632,35.36,167,4.05,L632,4,439,M632,28,51,4.89
S4,S4,East Heatherstad,3.39,18,P0633,29.26,70,2.43,L633,6,425,M633,34,143,3.18
S9,S9,Hernandezview,3.4,18,P0634,33.03,186,4.98,L634,1,107,M634,112,154,3.24
S8,S8,Warnerbury,4.46,7,P0635,38.53,75,0.39,L635,4,128,M635,36,153,3.08
S6,S6,Edwinhaven,1.62,8,P0636,32.08,58,0.12,L636,6,211,M636,91,59,3.44
S7,S7,Port Leefort,1.23,27,P0637,33.12,64,3.24,L637,9,260,M637,140,37,2.06
S5,S5,Meltonstad,1.62,12,P0638,32.32,59,1.56,L638,2,230,M638,30,127,2.15
S8,S8,Warnerbury,4.46,7,P0639,25.64,171,1.28,L639,7,287,M639,91,86,3.05
S2,S2,Robinsonland,4.8,27,P0640,24.15,170,1.63,L640,6,262,M640,125,140,4.23
S5,S5,Meltonstad,1.62,12,P0641,44.39,174,1.35,L641,2,296,M641,144,102,1.2
S10,S10,West Hollyburgh,3.83,28,P0642,33.87,121,0.25,L642,8,463,M642,54,144,3.41
S8,S8,Warnerbury,4.46,7,P0643,20.8,98,4.86,L643,7,303,M643,138,49,4.23
S6,S6,Edwinhaven,1.62,8,P0644,29.94,140,1.18,L644,5,311,M644,33,54,1.63
S5,S5,Meltonstad,1.62,12,P0645,23.89,86,3.7,L645,5,208,M645,33,48,1.06
S10,S10,West Hollyburgh,3.83,28,P0646,45.61,117,3.84,L646,7,375,M646,29,34,2.25
S8,S8,Warnerbury,4.46,7,P0647,12.27,99,4.65,L647,9,172,M647,57,104,3.35
S1,S1,Lake Joshuaside,2.5,28,P0648,20.11,68,0.25,L648,9,266,M648,127,157,1.55
S5,S5,Meltonstad,1.62,12,P0649,25.15,149,4.37,L649,9,359,M649,138,101,2.7
S2,S2,Robinsonland,4.8,27,P0650,29.56,109,2.68,L650,6,342,M650,53,184,3.21
S5,S5,Meltonstad,1.62,12,P0651,42.63,138,3.2,L651,6,374,M651,29,69,3.4
S5,S5,Meltonstad,1.62,12,P0652,15.16,195,3.26,L652,3,201,M652,141,55,2.1
S5,S5,Meltonstad,1.62,12,P0653,41.01,196,4.12,L653,1,272,M653,134,56,2.6
S4,S4,East Heatherstad,3.39,18,P0654,14.0,118,1.73,L654,7,270,M654,20,112,4.11
S10,S10,West Hollyburgh,3.83,28,P0655,42.32,98,3.69,L655,4,240,M655,31,157,4.76
S1,S1,Lake Joshuaside,2.5,28,P0656,13.86,157,2.69,L656,1,496,M656,122,199,4.45
S10,S10,West Hollyburgh,3.83,28,P0657,12.66,168,3.99,L657,8,287,M657,23,186,3.26
S9,S9,Hernandezview,3.4,18,P0658,37.09,198,4.95,L658,6,185,M658,117,196,2.64
S3,S3,Howardshire,3.93,8,P0659,47.9,199,1.08,L659,6,151,M659,125,198,2.33
S9,S9,Hernandezview,3.4,18,P0660,44.28,86,4.97,L660,2,210,M660,104,62,1.5
S3,S3,Howardshire,3.93,8,P0661,32.74,192,0.54,L661,1,464,M661,140,126,1.43
S2,S2,Robinsonland,4.8,27,P0662,45.03,60,0.11,L662,2,441,M662,101,140,3.75
S4,S4,East Heatherstad,3.39,18,P0663,12.19,187,0.32,L663,4,142,M663,38,45,2.04
S6,S6,Edwinhaven,1.62,8,P0664,47.1,127,1.77,L664,2,310,M664,149,52,2.02
S2,S2,Robinsonland,4.8,27,P0665,29.67,126,3.2,L665,1,299,M665,31,164,4.99
S7,S7,Port Leefort,1.23,27,P0666,38.02,51,0.44,L666,7,397,M666,100,55,1.75
S9,S9,Hernandezview,3.4,18,P0667,41.55,113,0.13,L667,8,445,M667,93,125,1.59
S4,S4,East Heatherstad,3.39,18,P0668,37.86,84,4.69,L668,6,339,M668,117,41,1.39
S2,S2,Robinsonland,4.8,27,P0669,31.26,56,4.13,L669,4,214,M669,25,101,3.32
S10,S10,West Hollyburgh,3.83,28,P0670,29.16,134,4.06,L670,6,125,M670,144,162,3.51
S1,S1,Lake Joshuaside,2.5,28,P0671,42.19,195,4.43,L671,3,398,M671,70,135,2.46
S7,S7,Port Leefort,1.23,27,P0672,19.38,116,3.53,L672,8,176,M672,30,146,3.14
S1,S1,Lake Joshuaside,2.5,28,P0673,46.85,91,0.61,L673,2,236,M673,146,55,4.15
S3,S3,Howardshire,3.93,8,P0674,37.59,167,2.06,L674,5,119,M674,92,162,4.27
S10,S10,West Hollyburgh,3.83,28,P0675,19.18,174,3.64,L675,1,310,M675,21,51,4.83
S4,S4,East Heatherstad,3.39,18,P0676,38.5,73,1.47,L676,6,339,M676,27,42,4.3
S2,S2,Robinsonland,4.8,27,P0677,31.07,95,3.47,L677,2,138,M677,143,185,3.26
S4,S4,East Heatherstad,3.39,18,P0678,37.46,68,0.22,L678,4,367,M678,72,190,1.72
S6,S6,Edwinhaven,1.62,8,P0679,39.64,117,1.6,L679,6,306,M679,29,136,1.4
S8,S8,Warnerbury,4.46,7,P0680,15.14,151,2.79,L680,8,366,M680,131,52,1.22
S9,S9,Hernandezview,3.4,18,P0681,30.22,91,3.2,L681,8,253,M681,27,126,3.67
S4,S4,East Heatherstad,3.39,18,P0682,45.55,81,2.93,L682,6,141,M682,55,47,4.23
S3,S3,Howardshire,3.93,8,P0683,23.54,158,3.52,L683,4,110,M683,125,146,3.03
S9,S9,Hernandezview,3.4,18,P0684,33.38,85,0.13,L684,8,393,M684,33,59,1.22
S8,S8,Warnerbury,4.46,7,P0685,25.29,146,0.59,L685,8,197,M685,105,55,3.14
S7,S7,Port Leefort,1.23,27,P0686,28.35,180,4.36,L686,1,374,M686,69,173,4.74
S3,S3,Howardshire,3.93,8,P0687,31.75,122,3.44,L687,4,489,M687,39,68,3.39
S2,S2,Robinsonland,4.8,27,P0688,31.76,185,0.65,L688,4,471,M688,106,190,4.24
S4,S4,East Heatherstad,3.39,18,P0689,19.26,146,4.23,L689,7,329,M689,148,183,4.2
S4,S4,East Heatherstad,3.39,18,P0690,36.64,172,1.29,L690,7,468,M690,57,195,4.73
S7,S7,Port Leefort,1.23,27,P0691,15.16,119,2.44,L691,8,319,M691,63,159,4.08
S2,S2,Robinsonland,4.8,27,P0692,17.0,62,0.81,L692,5,164,M692,105,142,3.99
S4,S4,East Heatherstad,3.39,18,P0693,12.1,98,3.58,L693,7,454,M693,63,163,1.94
S3,S3,Howardshire,3.93,8,P0694,16.2,109,3.37,L694,8,331,M694,93,75,1.24
S2,S2,Robinsonland,4.8,27,P0695,29.03,179,1.13,L695,9,427,M695,138,79,3.07
S3,S3,Howardshire,3.93,8,P0696,33.82,54,4.33,L696,3,151,M696,141,195,1.5
S1,S1,Lake Joshuaside,2.5,28,P0697,40.59,76,2.07,L697,3,473,M697,70,135,4.85
S8,S8,Warnerbury,4.46,7,P0698,15.84,198,1.53,L698,4,475,M698,57,175,2.16
S5,S5,Meltonstad,1.62,12,P0699,42.63,57,0.85,L699,5,362,M699,70,184,4.41
S1,S1,Lake Joshuaside,2.5,28,P0700,38.86,99,1.4,L700,1,366,M700,29,198,2.55
S9,S9,Hernandezview,3.4,18,P0701,26.71,116,0.21,L701,7,458,M701,139,101,2.29
S1,S1,Lake Joshuaside,2.5,28,P0702,45.59,93,2.96,L702,9,416,M702,89,103,4.74
S10,S10,West Hollyburgh,3.83,28,P0703,47.67,174,4.23,L703,8,423,M703,104,46,2.45
S1,S1,Lake Joshuaside,2.5,28,P0704,19.38,107,2.79,L704,5,495,M704,76,186,2.56
S7,S7,Port Leefort,1.23,27,P0705,25.65,52,1.17,L705,4,253,M705,145,99,1.42
S9,S9,Hernandezview,3.4,18,P0706,45.35,135,0.26,L706,7,457,M706,58,179,3.68
S8,S8,Warnerbury,4.46,7,P0707,37.98,119,1.15,L707,5,465,M707,52,35,2.16
S7,S7,Port Leefort,1.23,27,P0708,13.73,179,2.14,L708,7,239,M708,37,55,3.34
S1,S1,Lake Joshuaside,2.5,28,P0709,40.13,51,3.82,L709,1,150,M709,76,196,3.37
S2,S2,Robinsonland,4.8,27,P0710,41.81,151,1.02,L710,1,216,M710,115,169,3.88
S10,S10,West Hollyburgh,3.83,28,P0711,39.02,84,3.63,L711,3,145,M711,67,128,3.98
S10,S10,West Hollyburgh,3.83,28,P0712,40.78,147,4.35,L712,2,408,M712,61,171,3.06
S9,S9,Hernandezview,3.4,18,P0713,41.7,79,2.32,L713,2,187,M713,46,51,2.32
S4,S4,East Heatherstad,3.39,18,P0714,18.71,165,4.13,L714,7,307,M714,93,80,4.35
S6,S6,Edwinhaven,1.62,8,P0715,20.48,57,2.82,L715,2,476,M715,129,180,2.24
S7,S7,Port Leefort,1.23,27,P0716,34.82,199,3.22,L716,4,368,M716,51,133,3.03
S4,S4,East Heatherstad,3.39,18,P0717,44.68,93,2.68,L717,2,188,M717,45,118,2.61
S4,S4,East Heatherstad,3.39,18,P0718,23.38,85,2.37,L718,6,480,M718,44,170,4.42
S9,S9,Hernandezview,3.4,18,P0719,33.18,126,1.25,L719,8,217,M719,94,167,2.73
S4,S4,East Heatherstad,3.39,18,P0720,36.59,80,1.59,L720,4,153,M720,42,38,2.54
S9,S9,Hernandezview,3.4,18,P0721,28.27,96,1.52,L721,5,215,M721,76,108,3.76
S8,S8,Warnerbury,4.46,7,P0722,37.7,104,2.86,L722,4,217,M722,145,81,3.41
S10,S10,West Hollyburgh,3.83,28,P0723,44.39,155,0.69,L723,3,359,M723,106,159,1.43
S10,S10,West Hollyburgh,3.83,28,P0724,34.47,170,4.59,L724,5,174,M724,50,182,3.03
S4,S4,East Heatherstad,3.39,18,P0725,31.43,104,3.63,L725,9,404,M725,83,42,3.94
S1,S1,Lake Joshuaside,2.5,28,P0726,27.79,193,2.07,L726,8,106,M726,52,80,4.97
S3,S3,Howardshire,3.93,8,P0727,32.79,61,0.88,L727,8,465,M727,21,63,3.52
S4,S4,East Heatherstad,3.39,18,P0728,24.79,194,4.42,L728,8,221,M728,37,64,2.48
S3,S3,Howardshire,3.93,8,P0729,26.09,193,4.14,L729,8,110,M729,103,160,1.9
S9,S9,Hernandezview,3.4,18,P0730,31.15,189,3.64,L730,7,447,M730,54,149,4.49
S7,S7,Port Leefort,1.23,27,P0731,14.4,185,1.43,L731,8,314,M731,133,99,4.26
S6,S6,Edwinhaven,1.62,8,P0732,20.24,52,2.07,L732,8,378,M732,129,176,1.94
S3,S3,Howardshire,3.93,8,P0733,31.54,193,0.6,L733,8,127,M733,107,96,1.8
S6,S6,Edwinhaven,1.62,8,P0734,27.54,79,1.03,L734,7,334,M734,91,132,3.86
S7,S7,Port Leefort,1.23,27,P0735,23.98,72,3.94,L735,1,466,M735,144,102,2.26
S6,S6,Edwinhaven,1.62,8,P0736,38.3,141,3.6,L736,4,412,M736,49,145,2.23
S8,S8,Warnerbury,4.46,7,P0737,36.97,164,3.01,L737,4,125,M737,72,162,1.61
S10,S10,West Hollyburgh,3.83,28,P0738,18.0,153,4.49,L738,5,153,M738,106,96,2.06
S8,S8,Warnerbury,4.46,7,P0739,43.63,167,2.96,L739,6,128,M739,32,168,2.71
S3,S3,Howardshire,3.93,8,P0740,29.84,54,2.39,L740,4,452,M740,59,150,3.93
S5,S5,Meltonstad,1.62,12,P0741,38.69,153,1.77,L741,2,263,M741,108,123,2.35
S1,S1,Lake Joshuaside,2.5,28,P0742,32.63,157,4.71,L742,6,369,M742,87,158,2.31
S6,S6,Edwinhaven,1.62,8,P0743,47.92,114,0.51,L743,8,433,M743,61,120,2.14
S4,S4,East Heatherstad,3.39,18,P0744,39.09,170,4.66,L744,8,134,M744,113,121,2.91
S10,S10,West Hollyburgh,3.83,28,P0745,37.45,79,4.15,L745,7,385,M745,38,92,1.72
S2,S2,Robinsonland,4.8,27,P0746,40.03,198,0.74,L746,6,447,M746,42,58,2.94
S6,S6,Edwinhaven,1.62,8,P0747,17.15,133,2.87,L747,2,372,M747,73,41,3.82
S3,S3,Howardshire,3.93,8,P0748,19.36,199,4.35,L748,7,307,M748,84,106,1.12
S7,S7,Port Leefort,1.23,27,P0749,37.71,81,2.9,L749,5,337,M749,43,70,1.04
S10,S10,West Hollyburgh,3.83,28,P0750,29.78,65,4.55,L750,6,192,M750,53,159,1.3
S5,S5,Meltonstad,1.62,12,P0751,39.17,87,4.72,L751,8,272,M751,72,66,3.14
S5,S5,Meltonstad,1.62,12,P0752,15.7,191,2.17,L752,8,178,M752,37,53,4.42
S1,S1,Lake Joshuaside,2.5,28,P0753,31.31,85,1.95,L753,3,209,M753,76,128,1.02
S7,S7,Port Leefort,1.23,27,P0754,25.64,163,4.69,L754,7,316,M754,131,179,4.75
S3,S3,Howardshire,3.93,8,P0755,28.45,115,3.41,L755,1,457,M755,24,129,1.43
S10,S10,West Hollyburgh,3.83,28,P0756,33.74,154,0.67,L756,1,205,M756,32,168,4.37
S8,S8,Warnerbury,4.46,7,P0757,30.08,134,0.31,L757,7,146,M757,102,87,2.93
S10,S10,West Hollyburgh,3.83,28,P0758,31.43,51,2.87,L758,9,280,M758,48,58,3.64
S2,S2,Robinsonland,4.8,27,P0759,29.51,124,4.66,L759,7,163,M759,22,192,3.04
S7,S7,Port Leefort,1.23,27,P0760,26.72,116,4.24,L760,5,345,M760,109,172,2.91
S3,S3,Howardshire,3.93,8,P0761,39.79,104,3.41,L761,8,343,M761,123,89,4.34
S2,S2,Robinsonland,4.8,27,P0762,12.44,55,0.78,L762,2,419,M762,142,124,4.02
S3,S3,Howardshire,3.93,8,P0763,33.54,199,1.35,L763,9,186,M763,95,71,2.93
S10,S10,West Hollyburgh,3.83,28,P0764,32.36,192,4.39,L764,6,316,M764,149,72,1.45
S8,S8,Warnerbury,4.46,7,P0765,37.78,135,1.0,L765,9,106,M765,127,103,1.46
S2,S2,Robinsonland,4.8,27,P0766,33.57,109,1.46,L766,2,377,M766,101,189,4.21
S4,S4,East Heatherstad,3.39,18,P0767,41.76,150,0.74,L767,3,436,M767,96,93,3.12
S2,S2,Robinsonland,4.8,27,P0768,46.53,61,3.41,L768,8,309,M768,21,31,2.93
S3,S3,Howardshire,3.93,8,P0769,24.33,98,4.73,L769,1,268,M769,146,181,3.72
S4,S4,East Heatherstad,3.39,18,P0770,20.18,91,1.42,L770,7,429,M770,45,95,4.44
S6,S6,Edwinhaven,1.62,8,P0771,27.25,131,2.43,L771,7,237,M771,107,195,3.52
S7,S7,Port Leefort,1.23,27,P0772,22.37,84,3.21,L772,1,490,M772,35,60,4.05
S8,S8,Warnerbury,4.46,7,P0773,34.14,183,5.0,L773,9,480,M773,92,144,4.06
S9,S9,Hernandezview,3.4,18,P0774,44.83,116,0.61,L774,8,405,M774,51,55,2.43
S1,S1,Lake Joshuaside,2.5,28,P0775,17.01,129,2.54,L775,4,329,M775,34,58,2.1
S9,S9,Hernandezview,3.4,18,P0776,15.63,56,1.99,L776,5,407,M776,24,107,4.2
S10,S10,West Hollyburgh,3.83,28,P0777,21.22,63,4.34,L777,2,260,M777,93,54,2.51
S9,S9,Hernandezview,3.4,18,P0778,38.14,122,2.43,L778,9,100,M778,71,77,4.61
S9,S9,Hernandezview,3.4,18,P0779,33.35,192,0.64,L779,6,335,M779,96,94,1.28
S5,S5,Meltonstad,1.62,12,P0780,15.68,198,3.21,L780,3,287,M780,129,96,1.23
S8,S8,Warnerbury,4.46,7,P0781,45.08,115,3.88,L781,7,103,M781,125,119,4.71
S3,S3,Howardshire,3.93,8,P0782,40.44,140,0.11,L782,9,231,M782,146,175,3.59
S3,S3,Howardshire,3.93,8,P0783,12.83,179,4.31,L783,3,317,M783,26,166,2.52
S7,S7,Port Leefort,1.23,27,P0784,35.45,69,1.01,L784,2,359,M784,59,67,4.02
S5,S5,Meltonstad,1.62,12,P0785,39.76,59,2.81,L785,7,100,M785,118,116,3.69
S5,S5,Meltonstad,1.62,12,P0786,25.48,74,2.14,L786,7,170,M786,104,178,3.12
S4,S4,East Heatherstad,3.39,18,P0787,14.48,74,3.63,L787,4,277,M787,84,94,1.4
S5,S5,Meltonstad,1.62,12,P0788,14.78,103,1.92,L788,9,288,M788,30,178,4.25
S3,S3,Howardshire,3.93,8,P0789,15.75,82,4.36,L789,8,390,M789,127,56,4.46
S8,S8,Warnerbury,4.46,7,P0790,42.26,144,3.68,L790,1,107,M790,45,135,1.69
S6,S6,Edwinhaven,1.62,8,P0791,44.78,63,3.27,L791,1,352,M791,104,152,4.4
S10,S10,West Hollyburgh,3.83,28,P0792,16.42,114,4.0,L792,5,391,M792,142,73,4.51
S8,S8,Warnerbury,4.46,7,P0793,20.49,159,3.79,L793,6,343,M793,87,129,3.2
S9,S9,Hernandezview,3.4,18,P0794,17.96,129,0.28,L794,3,222,M794,123,57,3.62
S6,S6,Edwinhaven,1.62,8,P0795,18.71,103,2.03,L795,9,398,M795,99,46,2.53
S10,S10,West Hollyburgh,3.83,28,P0796,42.15,174,4.66,L796,6,382,M796,72,156,2.13
S6,S6,Edwinhaven,1.62,8,P0797,23.96,180,0.72,L797,4,131,M797,125,152,3.89
S4,S4,East Heatherstad,3.39,18,P0798,23.21,183,3.71,L798,7,433,M798,63,197,4.45
S6,S6,Edwinhaven,1.62,8,P0799,20.19,74,4.88,L799,8,476,M799,109,160,3.62
S7,S7,Port Leefort,1.23,27,P0800,33.88,190,0.36,L800,9,245,M800,120,105,3.05
S7,S7,Port Leefort,1.23,27,P0801,25.66,166,3.44,L801,6,255,M801,116,75,1.64
S8,S8,Warnerbury,4.46,7,P0802,38.79,185,2.39,L802,6,115,M802,28,187,1.21
S8,S8,Warnerbury,4.46,7,P0803,19.4,198,2.94,L803,8,454,M803,31,98,2.78
S6,S6,Edwinhaven,1.62,8,P0804,40.36,74,0.52,L804,5,146,M804,88,166,1.2
S6,S6,Edwinhaven,1.62,8,P0805,33.73,128,0.31,L805,3,350,M805,47,114,3.28
S3,S3,Howardshire,3.93,8,P0806,16.11,117,3.37,L806,3,286,M806,75,40,2.53
S9,S9,Hernandezview,3.4,18,P0807,26.92,61,4.13,L807,6,130,M807,118,98,4.03
S10,S10,West Hollyburgh,3.83,28,P0808,43.09,81,3.93,L808,2,359,M808,129,128,2.22
S5,S5,Meltonstad,1.62,12,P0809,45.23,177,2.76,L809,6,116,M809,96,120,3.37
S6,S6,Edwinhaven,1.62,8,P0810,28.77,145,0.59,L810,6,138,M810,122,188,3.15
S1,S1,Lake Joshuaside,2.5,28,P0811,29.31,141,3.47,L811,8,403,M811,125,190,1.02
S1,S1,Lake Joshuaside,2.5,28,P0812,45.06,190,1.29,L812,7,138,M812,128,196,1.29
S5,S5,Meltonstad,1.62,12,P0813,33.13,80,4.56,L813,8,231,M813,131,123,2.16
S1,S1,Lake Joshuaside,2.5,28,P0814,13.18,127,4.21,L814,9,129,M814,77,194,4.53
S8,S8,Warnerbury,4.46,7,P0815,44.86,69,3.58,L815,6,257,M815,97,144,1.59
S8,S8,Warnerbury,4.46,7,P0816,20.94,195,4.75,L816,3,377,M816,94,60,3.84
S5,S5,Meltonstad,1.62,12,P0817,32.79,109,0.25,L817,3,302,M817,61,40,4.89
S4,S4,East Heatherstad,3.39,18,P0818,17.96,183,3.71,L818,1,165,M818,87,116,4.16
S6,S6,Edwinhaven,1.62,8,P0819,13.22,142,1.72,L819,5,207,M819,52,150,1.97
S4,S4,East Heatherstad,3.39,18,P0820,23.21,92,4.54,L820,4,367,M820,90,159,4.63
S1,S1,Lake Joshuaside,2.5,28,P0821,40.1,179,1.41,L821,9,321,M821,75,134,1.37
S3,S3,Howardshire,3.93,8,P0822,21.99,109,3.65,L822,9,391,M822,124,56,2.87
S5,S5,Meltonstad,1.62,12,P0823,19.92,80,4.4,L823,5,117,M823,120,31,4.55
S1,S1,Lake Joshuaside,2.5,28,P0824,19.66,54,0.3,L824,4,189,M824,70,132,3.57
S1,S1,Lake Joshuaside,2.5,28,P0825,30.55,59,2.05,L825,7,280,M825,93,130,2.65
S4,S4,East Heatherstad,3.39,18,P0826,47.12,138,3.84,L826,6,354,M826,140,50,2.17
S9,S9,Hernandezview,3.4,18,P0827,28.52,179,2.33,L827,4,352,M827,24,87,2.5
S7,S7,Port Leefort,1.23,27,P0828,32.06,175,1.41,L828,2,356,M828,102,162,3.04
S3,S3,Howardshire,3.93,8,P0829,42.98,60,1.18,L829,1,482,M829,70,114,2.28
S5,S5,Meltonstad,1.62,12,P0830,31.26,105,0.74,L830,4,445,M830,29,122,4.88
S8,S8,Warnerbury,4.46,7,P0831,18.64,132,4.3,L831,4,186,M831,23,49,4.73
S7,S7,Port Leefort,1.23,27,P0832,22.79,186,2.92,L832,1,189,M832,114,90,4.48
S9,S9,Hernandezview,3.4,18,P0833,23.16,148,0.47,L833,6,336,M833,99,67,2.69
S8,S8,Warnerbury,4.46,7,P0834,26.3,198,1.97,L834,4,489,M834,55,177,3.77
S5,S5,Meltonstad,1.62,12,P0835,27.36,122,1.9,L835,1,169,M835,44,54,4.61
S9,S9,Hernandezview,3.4,18,P0836,40.79,164,0.99,L836,1,143,M836,117,159,4.4
S3,S3,Howardshire,3.93,8,P0837,24.58,56,2.23,L837,1,299,M837,120,150,2.66
S10,S10,West Hollyburgh,3.83,28,P0838,28.86,129,1.73,L838,8,251,M838,28,189,1.45
S3,S3,Howardshire,3.93,8,P0839,34.5,193,1.77,L839,8,185,M839,80,55,1.3
S9,S9,Hernandezview,3.4,18,P0840,25.6,146,3.72,L840,2,118,M840,72,198,3.31
S7,S7,Port Leefort,1.23,27,P0841,42.12,53,1.19,L841,7,200,M841,82,96,3.57
S6,S6,Edwinhaven,1.62,8,P0842,33.15,53,3.25,L842,8,194,M842,140,30,4.4
S4,S4,East Heatherstad,3.39,18,P0843,22.59,152,2.9,L843,8,353,M843,124,80,2.17
S9,S9,Hernandezview,3.4,18,P0844,37.71,89,2.88,L844,7,456,M844,23,34,1.67
S5,S5,Meltonstad,1.62,12,P0845,31.0,66,3.35,L845,5,129,M845,112,42,2.52
S8,S8,Warnerbury,4.46,7,P0846,31.24,150,2.79,L846,1,348,M846,47,176,2.41
S4,S4,East Heatherstad,3.39,18,P0847,29.32,152,4.41,L847,9,132,M847,99,169,1.53
S7,S7,Port Leefort,1.23,27,P0848,29.89,173,3.41,L848,7,328,M848,95,77,3.69
S3,S3,Howardshire,3.93,8,P0849,39.55,101,2.78,L849,2,111,M849,135,182,3.03
S8,S8,Warnerbury,4.46,7,P0850,15.71,101,4.17,L850,6,217,M850,88,86,3.88
S3,S3,Howardshire,3.93,8,P0851,24.04,173,3.07,L851,2,449,M851,117,144,2.41
S10,S10,West Hollyburgh,3.83,28,P0852,14.72,112,1.53,L852,1,254,M852,20,64,2.3
S10,S10,West Hollyburgh,3.83,28,P0853,39.12,165,1.11,L853,7,492,M853,115,105,2.89
S1,S1,Lake Joshuaside,2.5,28,P0854,21.8,111,0.85,L854,2,345,M854,36,123,4.51
S5,S5,Meltonstad,1.62,12,P0855,44.31,56,4.51,L855,2,431,M855,131,34,1.16
S8,S8,Warnerbury,4.46,7,P0856,30.96,141,3.58,L856,5,346,M856,110,51,4.22
S1,S1,Lake Joshuaside,2.5,28,P0857,40.83,63,4.69,L857,5,128,M857,107,132,2.48
S1,S1,Lake Joshuaside,2.5,28,P0858,47.24,135,3.06,L858,7,260,M858,109,160,4.42
S10,S10,West Hollyburgh,3.83,28,P0859,42.23,182,2.42,L859,1,334,M859,68,153,4.21
S3,S3,Howardshire,3.93,8,P0860,43.21,179,0.39,L860,8,289,M860,57,82,2.4
S9,S9,Hernandezview,3.4,18,P0861,26.69,111,3.39,L861,3,216,M861,78,188,3.78
S9,S9,Hernandezview,3.4,18,P0862,31.86,198,2.95,L862,4,370,M862,87,98,1.64
S9,S9,Hernandezview,3.4,18,P0863,21.14,128,4.95,L863,9,357,M863,149,133,4.59
S5,S5,Meltonstad,1.62,12,P0864,19.06,198,1.27,L864,4,279,M864,68,190,2.62
S2,S2,Robinsonland,4.8,27,P0865,30.2,187,2.7,L865,5,472,M865,145,45,2.82
S3,S3,Howardshire,3.93,8,P0866,33.42,107,3.29,L866,7,271,M866,130,145,3.82
S9,S9,Hernandezview,3.4,18,P0867,24.21,169,3.26,L867,4,373,M867,67,105,4.28
S9,S9,Hernandezview,3.4,18,P0868,32.5,182,2.85,L868,1,358,M868,70,138,1.95
S3,S3,Howardshire,3.93,8,P0869,43.95,114,3.91,L869,9,234,M869,62,68,3.65
S2,S2,Robinsonland,4.8,27,P0870,32.04,62,1.1,L870,4,270,M870,117,118,2.57
S8,S8,Warnerbury,4.46,7,P0871,37.95,131,3.66,L871,9,309,M871,143,141,2.47
S9,S9,Hernandezview,3.4,18,P0872,40.99,188,3.14,L872,6,335,M872,99,76,3.76
S7,S7,Port Leefort,1.23,27,P0873,47.59,198,4.49,L873,1,285,M873,130,166,2.55
S1,S1,Lake Joshuaside,2.5,28,P0874,33.72,101,4.25,L874,3,463,M874,46,157,2.38
S9,S9,Hernandezview,3.4,18,P0875,41.05,166,1.64,L875,2,194,M875,132,106,4.34
S3,S3,Howardshire,3.93,8,P0876,46.66,75,1.45,L876,9,477,M876,105,44,1.41
S5,S5,Meltonstad,1.62,12,P0877,46.0,83,4.91,L877,1,110,M877,133,65,3.7
S3,S3,Howardshire,3.93,8,P0878,17.08,101,2.68,L878,9,167,M878,143,92,1.99
S5,S5,Meltonstad,1.62,12,P0879,26.63,161,4.54,L879,9,478,M879,68,98,1.06
S7,S7,Port Leefort,1.23,27,P0880,23.66,131,0.9,L880,8,309,M880,95,198,1.67
S1,S1,Lake Joshuaside,2.5,28,P0881,15.13,91,3.25,L881,8,295,M881,74,103,3.43
S3,S3,Howardshire,3.93,8,P0882,34.8,70,4.07,L882,1,468,M882,75,53,3.84
S10,S10,West Hollyburgh,3.83,28,P0883,38.49,91,4.74,L883,8,197,M883,114,78,1.08
S8,S8,Warnerbury,4.46,7,P0884,42.53,190,1.75,L884,3,192,M884,63,175,1.15
S4,S4,East Heatherstad,3.39,18,P0885,16.42,162,3.65,L885,7,121,M885,106,36,4.61
S7,S7,Port Leefort,1.23,27,P0886,43.55,154,2.74,L886,1,271,M886,103,33,1.29
S2,S2,Robinsonland,4.8,27,P0887,35.15,66,0.4,L887,1,482,M887,35,119,4.58
S3,S3,Howardshire,3.93,8,P0888,37.34,169,3.48,L888,5,233,M888,56,89,1.91
S9,S9,Hernandezview,3.4,18,P0889,44.78,186,3.48,L889,5,124,M889,96,84,3.96
S8,S8,Warnerbury,4.46,7,P0890,34.49,178,4.66,L890,8,284,M890,64,45,2.24
S9,S9,Hernandezview,3.4,18,P0891,24.09,179,2.54,L891,7,184,M891,81,58,4.44
S10,S10,West Hollyburgh,3.83,28,P0892,41.7,109,1.23,L892,8,154,M892,119,180,3.8
S5,S5,Meltonstad,1.62,12,P0893,25.07,97,0.32,L893,6,350,M893,71,43,2.61
S6,S6,Edwinhaven,1.62,8,P0894,13.23,78,2.14,L894,6,243,M894,38,108,1.31
S2,S2,Robinsonland,4.8,27,P0895,41.9,146,1.58,L895,2,450,M895,128,62,3.93
S2,S2,Robinsonland,4.8,27,P0896,24.43,59,3.83,L896,6,497,M896,63,182,3.47
S7,S7,Port Leefort,1.23,27,P0897,39.86,107,1.84,L897,5,266,M897,26,50,1.01
S2,S2,Robinsonland,4.8,27,P0898,25.06,70,4.75,L898,3,323,M898,136,174,1.04
S6,S6,Edwinhaven,1.62,8,P0899,43.0,77,4.82,L899,6,319,M899,87,52,4.24
S7,S7,Port Leefort,1.23,27,P0900,19.9,83,3.14,L900,8,278,M900,53,86,2.04
S6,S6,Edwinhaven,1.62,8,P0901,47.08,57,4.65,L901,9,218,M901,88,171,3.54
S3,S3,Howardshire,3.93,8,P0902,40.07,128,3.83,L902,1,364,M902,74,122,2.82
S10,S10,West Hollyburgh,3.83,28,P0903,16.11,194,2.78,L903,3,249,M903,29,49,4.45
S2,S2,Robinsonland,4.8,27,P0904,32.37,136,0.98,L904,3,314,M904,61,187,4.67
S2,S2,Robinsonland,4.8,27,P0905,47.47,137,2.35,L905,8,296,M905,60,48,4.99
S6,S6,Edwinhaven,1.62,8,P0906,28.96,118,2.85,L906,1,141,M906,141,132,1.61
S10,S10,West Hollyburgh,3.83,28,P0907,18.56,136,4.33,L907,5,152,M907,29,106,4.45
S2,S2,Robinsonland,4.8,27,P0908,29.45,150,2.46,L908,3,429,M908,121,180,2.06
S3,S3,Howardshire,3.93,8,P0909,30.45,57,4.5,L909,2,350,M909,147,62,3.36
S7,S7,Port Leefort,1.23,27,P0910,38.7,126,3.4,L910,8,394,M910,111,47,3.02
S2,S2,Robinsonland,4.8,27,P0911,37.16,136,0.77,L911,3,477,M911,132,102,1.07
S2,S2,Robinsonland,4.8,27,P0912,26.49,92,4.98,L912,7,370,M912,97,190,4.73
S6,S6,Edwinhaven,1.62,8,P0913,19.85,178,2.68,L913,1,222,M913,104,189,1.31
S6,S6,Edwinhaven,1.62,8,P0914,35.22,158,2.02,L914,6,466,M914,49,46,3.75
S10,S10,West Hollyburgh,3.83,28,P0915,27.18,66,3.33,L915,3,486,M915,68,48,4.14
S2,S2,Robinsonland,4.8,27,P0916,16.76,182,0.63,L916,8,438,M916,28,99,4.18
S8,S8,Warnerbury,4.46,7,P0917,44.42,197,3.22,L917,6,365,M917,88,149,1.54
S3,S3,Howardshire,3.93,8,P0918,36.88,70,2.54,L918,2,447,M918,77,130,2.79
S2,S2,Robinsonland,4.8,27,P0919,36.59,107,2.09,L919,6,128,M919,81,63,4.32
S1,S1,Lake Joshuaside,2.5,28,P0920,41.61,159,4.77,L920,7,134,M920,71,113,2.21
S6,S6,Edwinhaven,1.62,8,P0921,31.07,188,2.66,L921,5,105,M921,59,182,2.87
S5,S5,Meltonstad,1.62,12,P0922,41.34,192,1.17,L922,3,495,M922,82,103,2.09
S6,S6,Edwinhaven,1.62,8,P0923,29.93,184,2.35,L923,4,210,M923,69,117,2.85
S9,S9,Hernandezview,3.4,18,P0924,14.42,77,4.6,L924,4,393,M924,97,114,4.55
S8,S8,Warnerbury,4.46,7,P0925,26.59,100,0.96,L925,6,176,M925,116,40,2.82
S5,S5,Meltonstad,1.62,12,P0926,29.91,54,1.15,L926,1,448,M926,62,120,3.22
S7,S7,Port Leefort,1.23,27,P0927,37.93,54,0.16,L927,4,246,M927,55,173,2.62
S2,S2,Robinsonland,4.8,27,P0928,15.84,143,0.17,L928,4,166,M928,141,156,2.84
S10,S10,West Hollyburgh,3.83,28,P0929,17.04,145,4.16,L929,1,491,M929,127,142,1.06
S8,S8,Warnerbury,4.46,7,P0930,21.49,57,3.69,L930,9,107,M930,29,109,2.13
S5,S5,Meltonstad,1.62,12,P0931,21.59,113,1.84,L931,4,221,M931,114,36,2.75
S6,S6,Edwinhaven,1.62,8,P0932,38.36,187,3.52,L932,7,439,M932,25,45,3.54
S7,S7,Port Leefort,1.23,27,P0933,21.03,87,2.04,L933,3,274,M933,76,45,2.8
S2,S2,Robinsonland,4.8,27,P0934,34.79,160,4.77,L934,3,487,M934,148,197,2.35
S4,S4,East Heatherstad,3.39,18,P0935,29.79,161,4.84,L935,8,278,M935,90,41,2.55
S6,S6,Edwinhaven,1.62,8,P0936,32.64,130,2.02,L936,8,184,M936,40,64,1.97
S1,S1,Lake Joshuaside,2.5,28,P0937,42.17,185,4.29,L937,1,144,M937,111,50,4.7
S8,S8,Warnerbury,4.46,7,P0938,26.56,153,3.89,L938,2,235,M938,146,46,3.09
S4,S4,East Heatherstad,3.39,18,P0939,39.75,122,1.62,L939,8,442,M939,99,61,1.05
S7,S7,Port Leefort,1.23,27,P0940,27.19,98,1.24,L940,1,115,M940,75,70,1.08
S1,S1,Lake Joshuaside,2.5,28,P0941,24.74,85,2.35,L941,8,432,M941,135,163,4.89
S3,S3,Howardshire,3.93,8,P0942,46.51,175,3.93,L942,8,294,M942,44,56,1.89
S7,S7,Port Leefort,1.23,27,P0943,18.64,117,4.8,L943,2,108,M943,24,177,4.22
S9,S9,Hernandezview,3.4,18,P0944,15.25,127,3.84,L944,4,415,M944,139,182,1.23
S5,S5,Meltonstad,1.62,12,P0945,39.76,154,4.29,L945,6,433,M945,40,95,4.68
S1,S1,Lake Joshuaside,2.5,28,P0946,14.46,171,3.06,L946,9,432,M946,37,166,4.5
S5,S5,Meltonstad,1.62,12,P0947,42.13,168,4.19,L947,8,426,M947,76,121,3.28
S2,S2,Robinsonland,4.8,27,P0948,27.74,163,3.94,L948,8,114,M948,112,90,1.04
S4,S4,East Heatherstad,3.39,18,P0949,44.96,59,1.95,L949,7,426,M949,38,195,2.03
S7,S7,Port Leefort,1.23,27,P0950,37.98,198,2.8,L950,9,201,M950,147,32,2.63
S6,S6,Edwinhaven,1.62,8,P0951,33.97,189,4.04,L951,2,325,M951,116,132,2.84
S3,S3,Howardshire,3.93,8,P0952,46.18,140,0.33,L952,3,377,M952,40,84,2.19
S7,S7,Port Leefort,1.23,27,P0953,26.28,51,4.06,L953,8,212,M953,59,30,1.13
S10,S10,West Hollyburgh,3.83,28,P0954,46.35,167,0.97,L954,6,100,M954,86,130,3.36
S3,S3,Howardshire,3.93,8,P0955,16.86,62,2.62,L955,9,365,M955,146,74,3.1
S10,S10,West Hollyburgh,3.83,28,P0956,29.42,144,4.06,L956,4,307,M956,74,55,2.13
S6,S6,Edwinhaven,1.62,8,P0957,21.72,193,1.34,L957,8,209,M957,128,150,1.15
S2,S2,Robinsonland,4.8,27,P0958,31.43,81,1.3,L958,3,299,M958,117,171,4.98
S1,S1,Lake Joshuaside,2.5,28,P0959,17.83,81,2.07,L959,3,468,M959,131,75,2.93
S9,S9,Hernandezview,3.4,18,P0960,42.3,173,4.48,L960,8,405,M960,134,151,4.02
S5,S5,Meltonstad,1.62,12,P0961,42.47,60,0.1,L961,5,111,M961,136,60,2.81
S1,S1,Lake Joshuaside,2.5,28,P0962,46.39,59,4.52,L962,3,444,M962,106,88,1.17
S7,S7,Port Leefort,1.23,27,P0963,17.57,64,0.85,L963,1,287,M963,100,58,2.24
S8,S8,Warnerbury,4.46,7,P0964,34.44,66,4.95,L964,3,253,M964,85,135,2.28
S3,S3,Howardshire,3.93,8,P0965,29.07,195,4.78,L965,9,467,M965,38,46,4.35
S2,S2,Robinsonland,4.8,27,P0966,24.4,108,2.52,L966,5,433,M966,137,171,3.62
S4,S4,East Heatherstad,3.39,18,P0967,24.66,127,2.61,L967,2,476,M967,61,193,2.1
S10,S10,West Hollyburgh,3.83,28,P0968,26.86,173,2.46,L968,7,378,M968,61,53,4.87
S1,S1,Lake Joshuaside,2.5,28,P0969,37.38,163,3.21,L969,2,270,M969,78,138,2.29
S7,S7,Port Leefort,1.23,27,P0970,33.54,71,0.54,L970,4,233,M970,39,120,4.99
S6,S6,Edwinhaven,1.62,8,P0971,28.55,81,0.26,L971,7,124,M971,92,54,4.98
S2,S2,Robinsonland,4.8,27,P0972,14.73,162,0.38,L972,4,117,M972,36,61,1.76
S6,S6,Edwinhaven,1.62,8,P0973,14.8,169,2.28,L973,7,289,M973,46,145,2.25
S6,S6,Edwinhaven,1.62,8,P0974,12.08,198,1.45,L974,7,240,M974,21,111,2.94
S4,S4,East Heatherstad,3.39,18,P0975,46.84,171,3.15,L975,1,142,M975,82,139,3.66
S2,S2,Robinsonland,4.8,27,P0976,12.19,81,4.96,L976,6,433,M976,81,175,3.11
S4,S4,East Heatherstad,3.39,18,P0977,15.71,168,1.99,L977,9,383,M977,119,66,4.88
S10,S10,West Hollyburgh,3.83,28,P0978,23.33,88,2.91,L978,2,245,M978,38,55,3.9
S9,S9,Hernandezview,3.4,18,P0979,41.07,61,2.14,L979,3,414,M979,36,166,1.85
S2,S2,Robinsonland,4.8,27,P0980,46.64,67,4.25,L980,5,418,M980,88,93,1.42
S1,S1,Lake Joshuaside,2.5,28,P0981,40.44,198,4.52,L981,9,191,M981,136,101,3.75
S4,S4,East Heatherstad,3.39,18,P0982,36.86,190,4.4,L982,4,278,M982,100,177,1.63
S2,S2,Robinsonland,4.8,27,P0983,30.77,198,4.87,L983,1,155,M983,58,135,4.15
S10,S10,West Hollyburgh,3.83,28,P0984,15.12,175,0.23,L984,4,254,M984,55,115,2.24
S3,S3,Howardshire,3.93,8,P0985,46.49,185,4.22,L985,6,259,M985,48,187,2.31
S8,S8,Warnerbury,4.46,7,P0986,39.3,95,3.78,L986,5,210,M986,70,82,1.04
S9,S9,Hernandezview,3.4,18,P0987,35.0,153,1.22,L987,1,236,M987,33,121,3.8
S1,S1,Lake Joshuaside,2.5,28,P0988,39.33,184,4.79,L988,4,331,M988,88,128,1.45
S5,S5,Meltonstad,1.62,12,P0989,38.07,135,0.83,L989,6,319,M989,76,40,4.09
S7,S7,Port Leefort,1.23,27,P0990,34.94,199,3.43,L990,4,167,M990,31,60,2.97
S2,S2,Robinsonland,4.8,27,P0991,47.3,138,1.2,L991,9,401,M991,36,129,4.14
S5,S5,Meltonstad,1.62,12,P0992,44.52,71,2.21,L992,5,348,M992,49,116,3.34
S1,S1,Lake Joshuaside,2.5,28,P0993,35.28,141,3.62,L993,8,422,M993,107,176,1.33
S1,S1,Lake Joshuaside,2.5,28,P0994,36.95,78,2.86,L994,9,491,M994,118,169,4.06
S2,S2,Robinsonland,4.8,27,P0995,13.86,62,2.19,L995,5,105,M995,42,44,1.28
S7,S7,Port Leefort,1.23,27,P0996,36.12,51,1.7,L996,6,379,M996,148,188,2.91
S1,S1,Lake Joshuaside,2.5,28,P0997,13.59,78,4.21,L997,1,193,M997,98,130,1.69
S1,S1,Lake Joshuaside,2.5,28,P0998,33.18,76,0.8,L998,7,368,M998,51,194,4.01
S6,S6,Edwinhaven,1.62,8,P0999,47.98,99,2.21,L999,4,296,M999,28,58,4.65
S3,S3,Howardshire,3.93,8,P1000,32.01,144,4.53,L1000,2,124,M1000,34,143,3.22
